r3k2r/p1ppqpb1/bn2pnp1/3PN3/1p2P3/2N2Q1p/PPPBBPPP/R3K2R w KQkq - 0 1	e5f7	Nxf7	r3k2r/p1ppqNb1/bn2pnp1/3P4/1p2P3/2N2Q1p/PPPBBPPP/R3K2R b KQkq - 0 1
r3k2r/p1ppqpb1/bn2pnp1/3PN3/1p2P3/2N2Q1p/PPPBBPPP/R3K2R w KQkq - 0 1	e5d7	Nxd7	r3k2r/p1pNqpb1/bn2pnp1/3P4/1p2P3/2N2Q1p/PPPBBPPP/R3K2R b KQkq - 0 1
r3k2r/p1ppqpb1/bn2pnp1/3PN3/1p2P3/2N2Q1p/PPPBBPPP/R3K2R w KQkq - 0 1	e5g6	Nxg6	r3k2r/p1ppqpb1/bn2pnN1/3P4/1p2P3/2N2Q1p/PPPBBPPP/R3K2R b KQkq - 0 1
r3k2r/p1ppqpb1/bn2pnp1/3PN3/1p2P3/2N2Q1p/PPPBBPPP/R3K2R w KQkq - 0 1	e5c6	Nc6	r3k2r/p1ppqpb1/bnN1pnp1/3P4/1p2P3/2N2Q1p/PPPBBPPP/R3K2R b KQkq - 1 1
r3k2r/p1ppqpb1/bn2pnp1/3PN3/1p2P3/2N2Q1p/PPPBBPPP/R3K2R w KQkq - 0 1	e5g4	Ng4	r3k2r/p1ppqpb1/bn2pnp1/3P4/1p2P1N1/2N2Q1p/PPPBBPPP/R3K2R b KQkq - 1 1
r3k2r/p1ppqpb1/bn2pnp1/3PN3/1p2P3/2N2Q1p/PPPBBPPP/R3K2R w KQkq - 0 1	e5c4	Nc4	r3k2r/p1ppqpb1/bn2pnp1/3P4/1pN1P3/2N2Q1p/PPPBBPPP/R3K2R b KQkq - 1 1
r3k2r/p1ppqpb1/bn2pnp1/3PN3/1p2P3/2N2Q1p/PPPBBPPP/R3K2R w KQkq - 0 1	e5d3	Nd3	r3k2r/p1ppqpb1/bn2pnp1/3P4/1p2P3/2NN1Q1p/PPPBBPPP/R3K2R b KQkq - 1 1
r3k2r/p1ppqpb1/bn2pnp1/3PN3/1p2P3/2N2Q1p/PPPBBPPP/R3K2R w KQkq - 0 1	f3f6	Qxf6	r3k2r/p1ppqpb1/bn2pQp1/3PN3/1p2P3/2N4p/PPPBBPPP/R3K2R b KQkq - 0 1
r3k2r/p1ppqpb1/bn2pnp1/3PN3/1p2P3/2N2Q1p/PPPBBPPP/R3K2R w KQkq - 0 1	f3h5	Qh5	r3k2r/p1ppqpb1/bn2pnp1/3PN2Q/1p2P3/2N4p/PPPBBPPP/R3K2R b KQkq - 1 1
r3k2r/p1ppqpb1/bn2pnp1/3PN3/1p2P3/2N2Q1p/PPPBBPPP/R3K2R w KQkq - 0 1	f3f5	Qf5	r3k2r/p1ppqpb1/bn2pnp1/3PNQ2/1p2P3/2N4p/PPPBBPPP/R3K2R b KQkq - 1 1
r3k2r/p1ppqpb1/bn2pnp1/3PN3/1p2P3/2N2Q1p/PPPBBPPP/R3K2R w KQkq - 0 1	f3g4	Qg4	r3k2r/p1ppqpb1/bn2pnp1/3PN3/1p2P1Q1/2N4p/PPPBBPPP/R3K2R b KQkq - 1 1
r3k2r/p1ppqpb1/bn2pnp1/3PN3/1p2P3/2N2Q1p/PPPBBPPP/R3K2R w KQkq - 0 1	f3f4	Qf4	r3k2r/p1ppqpb1/bn2pnp1/3PN3/1p2PQ2/2N4p/PPPBBPPP/R3K2R b KQkq - 1 1
r3k2r/p1ppqpb1/bn2pnp1/3PN3/1p2P3/2N2Q1p/PPPBBPPP/R3K2R w KQkq - 0 1	f3h3	Qxh3	r3k2r/p1ppqpb1/bn2pnp1/3PN3/1p2P3/2N4Q/PPPBBPPP/R3K2R b KQkq - 0 1
r3k2r/p1ppqpb1/bn2pnp1/3PN3/1p2P3/2N2Q1p/PPPBBPPP/R3K2R w KQkq - 0 1	f3g3	Qg3	r3k2r/p1ppqpb1/bn2pnp1/3PN3/1p2P3/2N3Qp/PPPBBPPP/R3K2R b KQkq - 1 1
r3k2r/p1ppqpb1/bn2pnp1/3PN3/1p2P3/2N2Q1p/PPPBBPPP/R3K2R w KQkq - 0 1	f3e3	Qe3	r3k2r/p1ppqpb1/bn2pnp1/3PN3/1p2P3/2N1Q2p/PPPBBPPP/R3K2R b KQkq - 1 1
r3k2r/p1ppqpb1/bn2pnp1/3PN3/1p2P3/2N2Q1p/PPPBBPPP/R3K2R w KQkq - 0 1	f3d3	Qd3	r3k2r/p1ppqpb1/bn2pnp1/3PN3/1p2P3/2NQ3p/PPPBBPPP/R3K2R b KQkq - 1 1
r3k2r/p1ppqpb1/bn2pnp1/3PN3/1p2P3/2N2Q1p/PPPBBPPP/R3K2R w KQkq - 0 1	c3b5	Nb5	r3k2r/p1ppqpb1/bn2pnp1/1N1PN3/1p2P3/5Q1p/PPPBBPPP/R3K2R b KQkq - 1 1
r3k2r/p1ppqpb1/bn2pnp1/3PN3/1p2P3/2N2Q1p/PPPBBPPP/R3K2R w KQkq - 0 1	c3a4	Na4	r3k2r/p1ppqpb1/bn2pnp1/3PN3/Np2P3/5Q1p/PPPBBPPP/R3K2R b KQkq - 1 1
r3k2r/p1ppqpb1/bn2pnp1/3PN3/1p2P3/2N2Q1p/PPPBBPPP/R3K2R w KQkq - 0 1	c3d1	Nd1	r3k2r/p1ppqpb1/bn2pnp1/3PN3/1p2P3/5Q1p/PPPBBPPP/R2NK2R b KQkq - 1 1
r3k2r/p1ppqpb1/bn2pnp1/3PN3/1p2P3/2N2Q1p/PPPBBPPP/R3K2R w KQkq - 0 1	c3b1	Nb1	r3k2r/p1ppqpb1/bn2pnp1/3PN3/1p2P3/5Q1p/PPPBBPPP/RN2K2R b KQkq - 1 1
r3k2r/p1ppqpb1/bn2pnp1/3PN3/1p2P3/2N2Q1p/PPPBBPPP/R3K2R w KQkq - 0 1	e2a6	Bxa6	r3k2r/p1ppqpb1/Bn2pnp1/3PN3/1p2P3/2N2Q1p/PPPB1PPP/R3K2R b KQkq - 0 1
r3k2r/p1ppqpb1/bn2pnp1/3PN3/1p2P3/2N2Q1p/PPPBBPPP/R3K2R w KQkq - 0 1	e2b5	Bb5	r3k2r/p1ppqpb1/bn2pnp1/1B1PN3/1p2P3/2N2Q1p/PPPB1PPP/R3K2R b KQkq - 1 1
r3k2r/p1ppqpb1/bn2pnp1/3PN3/1p2P3/2N2Q1p/PPPBBPPP/R3K2R w KQkq - 0 1	e2c4	Bc4	r3k2r/p1ppqpb1/bn2pnp1/3PN3/1pB1P3/2N2Q1p/PPPB1PPP/R3K2R b KQkq - 1 1
r3k2r/p1ppqpb1/bn2pnp1/3PN3/1p2P3/2N2Q1p/PPPBBPPP/R3K2R w KQkq - 0 1	e2d3	Bd3	r3k2r/p1ppqpb1/bn2pnp1/3PN3/1p2P3/2NB1Q1p/PPPB1PPP/R3K2R b KQkq - 1 1
r3k2r/p1ppqpb1/bn2pnp1/3PN3/1p2P3/2N2Q1p/PPPBBPPP/R3K2R w KQkq - 0 1	e2f1	Bf1	r3k2r/p1ppqpb1/bn2pnp1/3PN3/1p2P3/2N2Q1p/PPPB1PPP/R3KB1R b KQkq - 1 1
r3k2r/p1ppqpb1/bn2pnp1/3PN3/1p2P3/2N2Q1p/PPPBBPPP/R3K2R w KQkq - 0 1	e2d1	Bd1	r3k2r/p1ppqpb1/bn2pnp1/3PN3/1p2P3/2N2Q1p/PPPB1PPP/R2BK2R b KQkq - 1 1
r3k2r/p1ppqpb1/bn2pnp1/3PN3/1p2P3/2N2Q1p/PPPBBPPP/R3K2R w KQkq - 0 1	d2h6	Bh6	r3k2r/p1ppqpb1/bn2pnpB/3PN3/1p2P3/2N2Q1p/PPP1BPPP/R3K2R b KQkq - 1 1
r3k2r/p1ppqpb1/bn2pnp1/3PN3/1p2P3/2N2Q1p/PPPBBPPP/R3K2R w KQkq - 0 1	d2g5	Bg5	r3k2r/p1ppqpb1/bn2pnp1/3PN1B1/1p2P3/2N2Q1p/PPP1BPPP/R3K2R b KQkq - 1 1
r3k2r/p1ppqpb1/bn2pnp1/3PN3/1p2P3/2N2Q1p/PPPBBPPP/R3K2R w KQkq - 0 1	d2f4	Bf4	r3k2r/p1ppqpb1/bn2pnp1/3PN3/1p2PB2/2N2Q1p/PPP1BPPP/R3K2R b KQkq - 1 1
r3k2r/p1ppqpb1/bn2pnp1/3PN3/1p2P3/2N2Q1p/PPPBBPPP/R3K2R w KQkq - 0 1	d2e3	Be3	r3k2r/p1ppqpb1/bn2pnp1/3PN3/1p2P3/2N1BQ1p/PPP1BPPP/R3K2R b KQkq - 1 1
r3k2r/p1ppqpb1/bn2pnp1/3PN3/1p2P3/2N2Q1p/PPPBBPPP/R3K2R w KQkq - 0 1	d2c1	Bc1	r3k2r/p1ppqpb1/bn2pnp1/3PN3/1p2P3/2N2Q1p/PPP1BPPP/R1B1K2R b KQkq - 1 1
r3k2r/p1ppqpb1/bn2pnp1/3PN3/1p2P3/2N2Q1p/PPPBBPPP/R3K2R w KQkq - 0 1	h1g1	Rg1	r3k2r/p1ppqpb1/bn2pnp1/3PN3/1p2P3/2N2Q1p/PPPBBPPP/R3K1R1 b Qkq - 1 1
r3k2r/p1ppqpb1/bn2pnp1/3PN3/1p2P3/2N2Q1p/PPPBBPPP/R3K2R w KQkq - 0 1	h1f1	Rf1	r3k2r/p1ppqpb1/bn2pnp1/3PN3/1p2P3/2N2Q1p/PPPBBPPP/R3KR2 b Qkq - 1 1
r3k2r/p1ppqpb1/bn2pnp1/3PN3/1p2P3/2N2Q1p/PPPBBPPP/R3K2R w KQkq - 0 1	e1f1	Kf1	r3k2r/p1ppqpb1/bn2pnp1/3PN3/1p2P3/2N2Q1p/PPPBBPPP/R4K1R b kq - 1 1
r3k2r/p1ppqpb1/bn2pnp1/3PN3/1p2P3/2N2Q1p/PPPBBPPP/R3K2R w KQkq - 0 1	e1d1	Kd1	r3k2r/p1ppqpb1/bn2pnp1/3PN3/1p2P3/2N2Q1p/PPPBBPPP/R2K3R b kq - 1 1
r3k2r/p1ppqpb1/bn2pnp1/3PN3/1p2P3/2N2Q1p/PPPBBPPP/R3K2R w KQkq - 0 1	a1d1	Rd1	r3k2r/p1ppqpb1/bn2pnp1/3PN3/1p2P3/2N2Q1p/PPPBBPPP/3RK2R b Kkq - 1 1
r3k2r/p1ppqpb1/bn2pnp1/3PN3/1p2P3/2N2Q1p/PPPBBPPP/R3K2R w KQkq - 0 1	a1c1	Rc1	r3k2r/p1ppqpb1/bn2pnp1/3PN3/1p2P3/2N2Q1p/PPPBBPPP/2R1K2R b Kkq - 1 1
r3k2r/p1ppqpb1/bn2pnp1/3PN3/1p2P3/2N2Q1p/PPPBBPPP/R3K2R w KQkq - 0 1	a1b1	Rb1	r3k2r/p1ppqpb1/bn2pnp1/3PN3/1p2P3/2N2Q1p/PPPBBPPP/1R2K2R b Kkq - 1 1
r3k2r/p1ppqpb1/bn2pnp1/3PN3/1p2P3/2N2Q1p/PPPBBPPP/R3K2R w KQkq - 0 1	e1g1	O-O	r3k2r/p1ppqpb1/bn2pnp1/3PN3/1p2P3/2N2Q1p/PPPBBPPP/R4RK1 b kq - 1 1
r3k2r/p1ppqpb1/bn2pnp1/3PN3/1p2P3/2N2Q1p/PPPBBPPP/R3K2R w KQkq - 0 1	e1c1	O-O-O	r3k2r/p1ppqpb1/bn2pnp1/3PN3/1p2P3/2N2Q1p/PPPBBPPP/2KR3R b kq - 1 1
r3k2r/p1ppqpb1/bn2pnp1/3PN3/1p2P3/2N2Q1p/PPPBBPPP/R3K2R w KQkq - 0 1	d5e6	dxe6	r3k2r/p1ppqpb1/bn2Pnp1/4N3/1p2P3/2N2Q1p/PPPBBPPP/R3K2R b KQkq - 0 1
r3k2r/p1ppqpb1/bn2pnp1/3PN3/1p2P3/2N2Q1p/PPPBBPPP/R3K2R w KQkq - 0 1	g2h3	gxh3	r3k2r/p1ppqpb1/bn2pnp1/3PN3/1p2P3/2N2Q1P/PPPBBP1P/R3K2R b KQkq - 0 1
r3k2r/p1ppqpb1/bn2pnp1/3PN3/1p2P3/2N2Q1p/PPPBBPPP/R3K2R w KQkq - 0 1	d5d6	d6	r3k2r/p1ppqpb1/bn1Ppnp1/4N3/1p2P3/2N2Q1p/PPPBBPPP/R3K2R b KQkq - 0 1
r3k2r/p1ppqpb1/bn2pnp1/3PN3/1p2P3/2N2Q1p/PPPBBPPP/R3K2R w KQkq - 0 1	g2g3	g3	r3k2r/p1ppqpb1/bn2pnp1/3PN3/1p2P3/2N2QPp/PPPBBP1P/R3K2R b KQkq - 0 1
r3k2r/p1ppqpb1/bn2pnp1/3PN3/1p2P3/2N2Q1p/PPPBBPPP/R3K2R w KQkq - 0 1	b2b3	b3	r3k2r/p1ppqpb1/bn2pnp1/3PN3/1p2P3/1PN2Q1p/P1PBBPPP/R3K2R b KQkq - 0 1
r3k2r/p1ppqpb1/bn2pnp1/3PN3/1p2P3/2N2Q1p/PPPBBPPP/R3K2R w KQkq - 0 1	a2a3	a3	r3k2r/p1ppqpb1/bn2pnp1/3PN3/1p2P3/P1N2Q1p/1PPBBPPP/R3K2R b KQkq - 0 1
r3k2r/p1ppqpb1/bn2pnp1/3PN3/1p2P3/2N2Q1p/PPPBBPPP/R3K2R w KQkq - 0 1	g2g4	g4	r3k2r/p1ppqpb1/bn2pnp1/3PN3/1p2P1P1/2N2Q1p/PPPBBP1P/R3K2R b KQkq g3 0 1
r3k2r/p1ppqpb1/bn2pnp1/3PN3/1p2P3/2N2Q1p/PPPBBPPP/R3K2R w KQkq - 0 1	a2a4	a4	r3k2r/p1ppqpb1/bn2pnp1/3PN3/Pp2P3/2N2Q1p/1PPBBPPP/R3K2R b KQkq a3 0 1
7k/P7/8/8/8/8/8/7K w - - 0 1	h1h2	Kh2	7k/P7/8/8/8/8/7K/8 b - - 1 1
7k/P7/8/8/8/8/8/7K w - - 0 1	h1g2	Kg2	7k/P7/8/8/8/8/6K1/8 b - - 1 1
7k/P7/8/8/8/8/8/7K w - - 0 1	h1g1	Kg1	7k/P7/8/8/8/8/8/6K1 b - - 1 1
7k/P7/8/8/8/8/8/7K w - - 0 1	a7a8q	a8=Q+	Q6k/8/8/8/8/8/8/7K b - - 0 1
7k/P7/8/8/8/8/8/7K w - - 0 1	a7a8r	a8=R+	R6k/8/8/8/8/8/8/7K b - - 0 1
7k/P7/8/8/8/8/8/7K w - - 0 1	a7a8b	a8=B	B6k/8/8/8/8/8/8/7K b - - 0 1
7k/P7/8/8/8/8/8/7K w - - 0 1	a7a8n	a8=N	N6k/8/8/8/8/8/8/7K b - - 0 1
7k/8/8/8/8/8/p7/7K b - - 0 1	h8g8	Kg8	6k1/8/8/8/8/8/p7/7K w - - 1 2
7k/8/8/8/8/8/p7/7K b - - 0 1	h8h7	Kh7	8/7k/8/8/8/8/p7/7K w - - 1 2
7k/8/8/8/8/8/p7/7K b - - 0 1	h8g7	Kg7	8/6k1/8/8/8/8/p7/7K w - - 1 2
7k/8/8/8/8/8/p7/7K b - - 0 1	a2a1q	a1=Q+	7k/8/8/8/8/8/8/q6K w - - 0 2
7k/8/8/8/8/8/p7/7K b - - 0 1	a2a1r	a1=R+	7k/8/8/8/8/8/8/r6K w - - 0 2
7k/8/8/8/8/8/p7/7K b - - 0 1	a2a1b	a1=B	7k/8/8/8/8/8/8/b6K w - - 0 2
7k/8/8/8/8/8/p7/7K b - - 0 1	a2a1n	a1=N	7k/8/8/8/8/8/8/n6K w - - 0 2
r3k2r/8/8/8/8/8/8/R3K2R w KQkq - 0 1	h1h8	Rxh8+	r3k2R/8/8/8/8/8/8/R3K3 b Qq - 0 1
r3k2r/8/8/8/8/8/8/R3K2R w KQkq - 0 1	h1h7	Rh7	r3k2r/7R/8/8/8/8/8/R3K3 b Qkq - 1 1
r3k2r/8/8/8/8/8/8/R3K2R w KQkq - 0 1	h1h6	Rh6	r3k2r/8/7R/8/8/8/8/R3K3 b Qkq - 1 1
r3k2r/8/8/8/8/8/8/R3K2R w KQkq - 0 1	h1h5	Rh5	r3k2r/8/8/7R/8/8/8/R3K3 b Qkq - 1 1
r3k2r/8/8/8/8/8/8/R3K2R w KQkq - 0 1	h1h4	Rh4	r3k2r/8/8/8/7R/8/8/R3K3 b Qkq - 1 1
r3k2r/8/8/8/8/8/8/R3K2R w KQkq - 0 1	h1h3	Rh3	r3k2r/8/8/8/8/7R/8/R3K3 b Qkq - 1 1
r3k2r/8/8/8/8/8/8/R3K2R w KQkq - 0 1	h1h2	Rh2	r3k2r/8/8/8/8/8/7R/R3K3 b Qkq - 1 1
r3k2r/8/8/8/8/8/8/R3K2R w KQkq - 0 1	h1g1	Rg1	r3k2r/8/8/8/8/8/8/R3K1R1 b Qkq - 1 1
r3k2r/8/8/8/8/8/8/R3K2R w KQkq - 0 1	h1f1	Rf1	r3k2r/8/8/8/8/8/8/R3KR2 b Qkq - 1 1
r3k2r/8/8/8/8/8/8/R3K2R w KQkq - 0 1	e1f2	Kf2	r3k2r/8/8/8/8/8/5K2/R6R b kq - 1 1
r3k2r/8/8/8/8/8/8/R3K2R w KQkq - 0 1	e1e2	Ke2	r3k2r/8/8/8/8/8/4K3/R6R b kq - 1 1
r3k2r/8/8/8/8/8/8/R3K2R w KQkq - 0 1	e1d2	Kd2	r3k2r/8/8/8/8/8/3K4/R6R b kq - 1 1
r3k2r/8/8/8/8/8/8/R3K2R w KQkq - 0 1	e1f1	Kf1	r3k2r/8/8/8/8/8/8/R4K1R b kq - 1 1
r3k2r/8/8/8/8/8/8/R3K2R w KQkq - 0 1	e1d1	Kd1	r3k2r/8/8/8/8/8/8/R2K3R b kq - 1 1
r3k2r/8/8/8/8/8/8/R3K2R w KQkq - 0 1	a1a8	Rxa8+	R3k2r/8/8/8/8/8/8/4K2R b Kk - 0 1
r3k2r/8/8/8/8/8/8/R3K2R w KQkq - 0 1	a1a7	Ra7	r3k2r/R7/8/8/8/8/8/4K2R b Kkq - 1 1
r3k2r/8/8/8/8/8/8/R3K2R w KQkq - 0 1	a1a6	Ra6	r3k2r/8/R7/8/8/8/8/4K2R b Kkq - 1 1
r3k2r/8/8/8/8/8/8/R3K2R w KQkq - 0 1	a1a5	Ra5	r3k2r/8/8/R7/8/8/8/4K2R b Kkq - 1 1
r3k2r/8/8/8/8/8/8/R3K2R w KQkq - 0 1	a1a4	Ra4	r3k2r/8/8/8/R7/8/8/4K2R b Kkq - 1 1
r3k2r/8/8/8/8/8/8/R3K2R w KQkq - 0 1	a1a3	Ra3	r3k2r/8/8/8/8/R7/8/4K2R b Kkq - 1 1
r3k2r/8/8/8/8/8/8/R3K2R w KQkq - 0 1	a1a2	Ra2	r3k2r/8/8/8/8/8/R7/4K2R b Kkq - 1 1
r3k2r/8/8/8/8/8/8/R3K2R w KQkq - 0 1	a1d1	Rd1	r3k2r/8/8/8/8/8/8/3RK2R b Kkq - 1 1
r3k2r/8/8/8/8/8/8/R3K2R w KQkq - 0 1	a1c1	Rc1	r3k2r/8/8/8/8/8/8/2R1K2R b Kkq - 1 1
r3k2r/8/8/8/8/8/8/R3K2R w KQkq - 0 1	a1b1	Rb1	r3k2r/8/8/8/8/8/8/1R2K2R b Kkq - 1 1
r3k2r/8/8/8/8/8/8/R3K2R w KQkq - 0 1	e1g1	O-O	r3k2r/8/8/8/8/8/8/R4RK1 b kq - 1 1
r3k2r/8/8/8/8/8/8/R3K2R w KQkq - 0 1	e1c1	O-O-O	r3k2r/8/8/8/8/8/8/2KR3R b kq - 1 1
r3k2r/8/8/8/8/8/8/R3K2R b KQkq - 0 1	h8g8	Rg8	r3k1r1/8/8/8/8/8/8/R3K2R w KQq - 1 2
r3k2r/8/8/8/8/8/8/R3K2R b KQkq - 0 1	h8f8	Rf8	r3kr2/8/8/8/8/8/8/R3K2R w KQq - 1 2
r3k2r/8/8/8/8/8/8/R3K2R b KQkq - 0 1	h8h7	Rh7	r3k3/7r/8/8/8/8/8/R3K2R w KQq - 1 2
r3k2r/8/8/8/8/8/8/R3K2R b KQkq - 0 1	h8h6	Rh6	r3k3/8/7r/8/8/8/8/R3K2R w KQq - 1 2
r3k2r/8/8/8/8/8/8/R3K2R b KQkq - 0 1	h8h5	Rh5	r3k3/8/8/7r/8/8/8/R3K2R w KQq - 1 2
r3k2r/8/8/8/8/8/8/R3K2R b KQkq - 0 1	h8h4	Rh4	r3k3/8/8/8/7r/8/8/R3K2R w KQq - 1 2
r3k2r/8/8/8/8/8/8/R3K2R b KQkq - 0 1	h8h3	Rh3	r3k3/8/8/8/8/7r/8/R3K2R w KQq - 1 2
r3k2r/8/8/8/8/8/8/R3K2R b KQkq - 0 1	h8h2	Rh2	r3k3/8/8/8/8/8/7r/R3K2R w KQq - 1 2
r3k2r/8/8/8/8/8/8/R3K2R b KQkq - 0 1	h8h1	Rxh1+	r3k3/8/8/8/8/8/8/R3K2r w Qq - 0 2
r3k2r/8/8/8/8/8/8/R3K2R b KQkq - 0 1	e8f8	Kf8	r4k1r/8/8/8/8/8/8/R3K2R w KQ - 1 2
r3k2r/8/8/8/8/8/8/R3K2R b KQkq - 0 1	e8d8	Kd8	r2k3r/8/8/8/8/8/8/R3K2R w KQ - 1 2
r3k2r/8/8/8/8/8/8/R3K2R b KQkq - 0 1	e8f7	Kf7	r6r/5k2/8/8/8/8/8/R3K2R w KQ - 1 2
r3k2r/8/8/8/8/8/8/R3K2R b KQkq - 0 1	e8e7	Ke7	r6r/4k3/8/8/8/8/8/R3K2R w KQ - 1 2
r3k2r/8/8/8/8/8/8/R3K2R b KQkq - 0 1	e8d7	Kd7	r6r/3k4/8/8/8/8/8/R3K2R w KQ - 1 2
r3k2r/8/8/8/8/8/8/R3K2R b KQkq - 0 1	a8d8	Rd8	3rk2r/8/8/8/8/8/8/R3K2R w KQk - 1 2
r3k2r/8/8/8/8/8/8/R3K2R b KQkq - 0 1	a8c8	Rc8	2r1k2r/8/8/8/8/8/8/R3K2R w KQk - 1 2
r3k2r/8/8/8/8/8/8/R3K2R b KQkq - 0 1	a8b8	Rb8	1r2k2r/8/8/8/8/8/8/R3K2R w KQk - 1 2
r3k2r/8/8/8/8/8/8/R3K2R b KQkq - 0 1	a8a7	Ra7	4k2r/r7/8/8/8/8/8/R3K2R w KQk - 1 2
r3k2r/8/8/8/8/8/8/R3K2R b KQkq - 0 1	a8a6	Ra6	4k2r/8/r7/8/8/8/8/R3K2R w KQk - 1 2
r3k2r/8/8/8/8/8/8/R3K2R b KQkq - 0 1	a8a5	Ra5	4k2r/8/8/r7/8/8/8/R3K2R w KQk - 1 2
r3k2r/8/8/8/8/8/8/R3K2R b KQkq - 0 1	a8a4	Ra4	4k2r/8/8/8/r7/8/8/R3K2R w KQk - 1 2
r3k2r/8/8/8/8/8/8/R3K2R b KQkq - 0 1	a8a3	Ra3	4k2r/8/8/8/8/r7/8/R3K2R w KQk - 1 2
r3k2r/8/8/8/8/8/8/R3K2R b KQkq - 0 1	a8a2	Ra2	4k2r/8/8/8/8/8/r7/R3K2R w KQk - 1 2
r3k2r/8/8/8/8/8/8/R3K2R b KQkq - 0 1	a8a1	Rxa1+	4k2r/8/8/8/8/8/8/r3K2R w Kk - 0 2
r3k2r/8/8/8/8/8/8/R3K2R b KQkq - 0 1	e8g8	O-O	r4rk1/8/8/8/8/8/8/R3K2R w KQ - 1 2
r3k2r/8/8/8/8/8/8/R3K2R b KQkq - 0 1	e8c8	O-O-O	2kr3r/8/8/8/8/8/8/R3K2R w KQ - 1 2
7k/8/8/3pP3/8/8/8/7K w - d6 0 1	h1h2	Kh2	7k/8/8/3pP3/8/8/7K/8 b - - 1 1
7k/8/8/3pP3/8/8/8/7K w - d6 0 1	h1g2	Kg2	7k/8/8/3pP3/8/8/6K1/8 b - - 1 1
7k/8/8/3pP3/8/8/8/7K w - d6 0 1	h1g1	Kg1	7k/8/8/3pP3/8/8/8/6K1 b - - 1 1
7k/8/8/3pP3/8/8/8/7K w - d6 0 1	e5e6	e6	7k/8/4P3/3p4/8/8/8/7K b - - 0 1
7k/8/8/3pP3/8/8/8/7K w - d6 0 1	e5d6	exd6	7k/8/3P4/8/8/8/8/7K b - - 0 1
7k/8/8/8/3Pp3/8/8/7K b - d3 0 1	h8g8	Kg8	6k1/8/8/8/3Pp3/8/8/7K w - - 1 2
7k/8/8/8/3Pp3/8/8/7K b - d3 0 1	h8h7	Kh7	8/7k/8/8/3Pp3/8/8/7K w - - 1 2
7k/8/8/8/3Pp3/8/8/7K b - d3 0 1	h8g7	Kg7	8/6k1/8/8/3Pp3/8/8/7K w - - 1 2
7k/8/8/8/3Pp3/8/8/7K b - d3 0 1	e4e3	e3	7k/8/8/8/3P4/4p3/8/7K w - - 0 2
7k/8/8/8/3Pp3/8/8/7K b - d3 0 1	e4d3	exd3	7k/8/8/8/8/3p4/8/7K w - - 0 2
k3r3/8/8/3pP3/8/8/8/4K3 w - d6 0 1	e1f2	Kf2	k3r3/8/8/3pP3/8/8/5K2/8 b - - 1 1
k3r3/8/8/3pP3/8/8/8/4K3 w - d6 0 1	e1e2	Ke2	k3r3/8/8/3pP3/8/8/4K3/8 b - - 1 1
k3r3/8/8/3pP3/8/8/8/4K3 w - d6 0 1	e1d2	Kd2	k3r3/8/8/3pP3/8/8/3K4/8 b - - 1 1
k3r3/8/8/3pP3/8/8/8/4K3 w - d6 0 1	e1f1	Kf1	k3r3/8/8/3pP3/8/8/8/5K2 b - - 1 1
k3r3/8/8/3pP3/8/8/8/4K3 w - d6 0 1	e1d1	Kd1	k3r3/8/8/3pP3/8/8/8/3K4 b - - 1 1
k3r3/8/8/3pP3/8/8/8/4K3 w - d6 0 1	e5e6	e6	k3r3/8/4P3/3p4/8/8/8/4K3 b - - 0 1
4r1k1/8/8/8/8/8/8/R3K2R w KQ - 0 1	e1f2	Kf2	4r1k1/8/8/8/8/8/5K2/R6R b - - 1 1
4r1k1/8/8/8/8/8/8/R3K2R w KQ - 0 1	e1d2	Kd2	4r1k1/8/8/8/8/8/3K4/R6R b - - 1 1
4r1k1/8/8/8/8/8/8/R3K2R w KQ - 0 1	e1f1	Kf1	4r1k1/8/8/8/8/8/8/R4K1R b - - 1 1
4r1k1/8/8/8/8/8/8/R3K2R w KQ - 0 1	e1d1	Kd1	4r1k1/8/8/8/8/8/8/R2K3R b - - 1 1
rnbqkbnr/pppppppp/8/8/8/8/PPPPPPPP/RNBQKBNR w KQkq - 0 1	b1c3	Nc3	rnbqkbnr/pppppppp/8/8/8/2N5/PPPPPPPP/R1BQKBNR b KQkq - 1 1
rnbqkbnr/pppppppp/8/8/8/2N5/PPPPPPPP/R1BQKBNR b KQkq - 1 1	d7d5	d5	rnbqkbnr/ppp1pppp/8/3p4/8/2N5/PPPPPPPP/R1BQKBNR w KQkq d6 0 2
rnbqkbnr/ppp1pppp/8/3p4/8/2N5/PPPPPPPP/R1BQKBNR w KQkq d6 0 2	e2e3	e3	rnbqkbnr/ppp1pppp/8/3p4/8/2N1P3/PPPP1PPP/R1BQKBNR b KQkq - 0 2
rnbqkbnr/ppp1pppp/8/3p4/8/2N1P3/PPPP1PPP/R1BQKBNR b KQkq - 0 2	e7e5	e5	rnbqkbnr/ppp2ppp/8/3pp3/8/2N1P3/PPPP1PPP/R1BQKBNR w KQkq e6 0 3
rnbqkbnr/ppp2ppp/8/3pp3/8/2N1P3/PPPP1PPP/R1BQKBNR w KQkq e6 0 3	d1h5	Qh5	rnbqkbnr/ppp2ppp/8/3pp2Q/8/2N1P3/PPPP1PPP/R1B1KBNR b KQkq - 1 3
rnbqkbnr/ppp2ppp/8/3pp2Q/8/2N1P3/PPPP1PPP/R1B1KBNR b KQkq - 1 3	b8c6	Nc6	r1bqkbnr/ppp2ppp/2n5/3pp2Q/8/2N1P3/PPPP1PPP/R1B1KBNR w KQkq - 2 4
r1bqkbnr/ppp2ppp/2n5/3pp2Q/8/2N1P3/PPPP1PPP/R1B1KBNR w KQkq - 2 4	f1b5	Bb5	r1bqkbnr/ppp2ppp/2n5/1B1pp2Q/8/2N1P3/PPPP1PPP/R1B1K1NR b KQkq - 3 4
r1bqkbnr/ppp2ppp/2n5/1B1pp2Q/8/2N1P3/PPPP1PPP/R1B1K1NR b KQkq - 3 4	g8f6	Nf6	r1bqkb1r/ppp2ppp/2n2n2/1B1pp2Q/8/2N1P3/PPPP1PPP/R1B1K1NR w KQkq - 4 5
r1bqkb1r/ppp2ppp/2n2n2/1B1pp2Q/8/2N1P3/PPPP1PPP/R1B1K1NR w KQkq - 4 5	b5c6	Bxc6+	r1bqkb1r/ppp2ppp/2B2n2/3pp2Q/8/2N1P3/PPPP1PPP/R1B1K1NR b KQkq - 0 5
r1bqkb1r/ppp2ppp/2B2n2/3pp2Q/8/2N1P3/PPPP1PPP/R1B1K1NR b KQkq - 0 5	b7c6	bxc6	r1bqkb1r/p1p2ppp/2p2n2/3pp2Q/8/2N1P3/PPPP1PPP/R1B1K1NR w KQkq - 0 6
r1bqkb1r/p1p2ppp/2p2n2/3pp2Q/8/2N1P3/PPPP1PPP/R1B1K1NR w KQkq - 0 6	h5e5	Qxe5+	r1bqkb1r/p1p2ppp/2p2n2/3pQ3/8/2N1P3/PPPP1PPP/R1B1K1NR b KQkq - 0 6
r1bqkb1r/p1p2ppp/2p2n2/3pQ3/8/2N1P3/PPPP1PPP/R1B1K1NR b KQkq - 0 6	f8e7	Be7	r1bqk2r/p1p1bppp/2p2n2/3pQ3/8/2N1P3/PPPP1PPP/R1B1K1NR w KQkq - 1 7
r1bqk2r/p1p1bppp/2p2n2/3pQ3/8/2N1P3/PPPP1PPP/R1B1K1NR w KQkq - 1 7	g1f3	Nf3	r1bqk2r/p1p1bppp/2p2n2/3pQ3/8/2N1PN2/PPPP1PPP/R1B1K2R b KQkq - 2 7
r1bqk2r/p1p1bppp/2p2n2/3pQ3/8/2N1PN2/PPPP1PPP/R1B1K2R b KQkq - 2 7	e8g8	O-O	r1bq1rk1/p1p1bppp/2p2n2/3pQ3/8/2N1PN2/PPPP1PPP/R1B1K2R w KQ - 3 8
r1bq1rk1/p1p1bppp/2p2n2/3pQ3/8/2N1PN2/PPPP1PPP/R1B1K2R w KQ - 3 8	e1g1	O-O	r1bq1rk1/p1p1bppp/2p2n2/3pQ3/8/2N1PN2/PPPP1PPP/R1B2RK1 b - - 4 8
r1bq1rk1/p1p1bppp/2p2n2/3pQ3/8/2N1PN2/PPPP1PPP/R1B2RK1 b - - 4 8	e7d6	Bd6	r1bq1rk1/p1p2ppp/2pb1n2/3pQ3/8/2N1PN2/PPPP1PPP/R1B2RK1 w - - 5 9
r1bq1rk1/p1p2ppp/2pb1n2/3pQ3/8/2N1PN2/PPPP1PPP/R1B2RK1 w - - 5 9	e5g5	Qg5	r1bq1rk1/p1p2ppp/2pb1n2/3p2Q1/8/2N1PN2/PPPP1PPP/R1B2RK1 b - - 6 9
r1bq1rk1/p1p2ppp/2pb1n2/3p2Q1/8/2N1PN2/PPPP1PPP/R1B2RK1 b - - 6 9	f8e8	Re8	r1bqr1k1/p1p2ppp/2pb1n2/3p2Q1/8/2N1PN2/PPPP1PPP/R1B2RK1 w - - 7 10
r1bqr1k1/p1p2ppp/2pb1n2/3p2Q1/8/2N1PN2/PPPP1PPP/R1B2RK1 w - - 7 10	a1b1	Rb1	r1bqr1k1/p1p2ppp/2pb1n2/3p2Q1/8/2N1PN2/PPPP1PPP/1RB2RK1 b - - 8 10
r1bqr1k1/p1p2ppp/2pb1n2/3p2Q1/8/2N1PN2/PPPP1PPP/1RB2RK1 b - - 8 10	h7h6	h6	r1bqr1k1/p1p2pp1/2pb1n1p/3p2Q1/8/2N1PN2/PPPP1PPP/1RB2RK1 w - - 0 11
r1bqr1k1/p1p2pp1/2pb1n1p/3p2Q1/8/2N1PN2/PPPP1PPP/1RB2RK1 w - - 0 11	g5h4	Qh4	r1bqr1k1/p1p2pp1/2pb1n1p/3p4/7Q/2N1PN2/PPPP1PPP/1RB2RK1 b - - 1 11
r1bqr1k1/p1p2pp1/2pb1n1p/3p4/7Q/2N1PN2/PPPP1PPP/1RB2RK1 b - - 1 11	c8g4	Bg4	r2qr1k1/p1p2pp1/2pb1n1p/3p4/6bQ/2N1PN2/PPPP1PPP/1RB2RK1 w - - 2 12
r2qr1k1/p1p2pp1/2pb1n1p/3p4/6bQ/2N1PN2/PPPP1PPP/1RB2RK1 w - - 2 12	f3d4	Nd4	r2qr1k1/p1p2pp1/2pb1n1p/3p4/3N2bQ/2N1P3/PPPP1PPP/1RB2RK1 b - - 3 12
r2qr1k1/p1p2pp1/2pb1n1p/3p4/3N2bQ/2N1P3/PPPP1PPP/1RB2RK1 b - - 3 12	c6c5	c5	r2qr1k1/p1p2pp1/3b1n1p/2pp4/3N2bQ/2N1P3/PPPP1PPP/1RB2RK1 w - - 0 13
r2qr1k1/p1p2pp1/3b1n1p/2pp4/3N2bQ/2N1P3/PPPP1PPP/1RB2RK1 w - - 0 13	d4b5	Ndb5	r2qr1k1/p1p2pp1/3b1n1p/1Npp4/6bQ/2N1P3/PPPP1PPP/1RB2RK1 b - - 1 13
r2qr1k1/p1p2pp1/3b1n1p/1Npp4/6bQ/2N1P3/PPPP1PPP/1RB2RK1 b - - 1 13	g7g5	g5	r2qr1k1/p1p2p2/3b1n1p/1Npp2p1/6bQ/2N1P3/PPPP1PPP/1RB2RK1 w - g6 0 14
r2qr1k1/p1p2p2/3b1n1p/1Npp2p1/6bQ/2N1P3/PPPP1PPP/1RB2RK1 w - g6 0 14	h4h6	Qxh6	r2qr1k1/p1p2p2/3b1n1Q/1Npp2p1/6b1/2N1P3/PPPP1PPP/1RB2RK1 b - - 0 14
r2qr1k1/p1p2p2/3b1n1Q/1Npp2p1/6b1/2N1P3/PPPP1PPP/1RB2RK1 b - - 0 14	f6h7	Nh7	r2qr1k1/p1p2p1n/3b3Q/1Npp2p1/6b1/2N1P3/PPPP1PPP/1RB2RK1 w - - 1 15
r2qr1k1/p1p2p1n/3b3Q/1Npp2p1/6b1/2N1P3/PPPP1PPP/1RB2RK1 w - - 1 15	b5d6	Nxd6	r2qr1k1/p1p2p1n/3N3Q/2pp2p1/6b1/2N1P3/PPPP1PPP/1RB2RK1 b - - 0 15
r2qr1k1/p1p2p1n/3N3Q/2pp2p1/6b1/2N1P3/PPPP1PPP/1RB2RK1 b - - 0 15	c7d6	cxd6	r2qr1k1/p4p1n/3p3Q/2pp2p1/6b1/2N1P3/PPPP1PPP/1RB2RK1 w - - 0 16
r2qr1k1/p4p1n/3p3Q/2pp2p1/6b1/2N1P3/PPPP1PPP/1RB2RK1 w - - 0 16	f2f3	f3	r2qr1k1/p4p1n/3p3Q/2pp2p1/6b1/2N1PP2/PPPP2PP/1RB2RK1 b - - 0 16
r2qr1k1/p4p1n/3p3Q/2pp2p1/6b1/2N1PP2/PPPP2PP/1RB2RK1 b - - 0 16	e8e6	Re6	r2q2k1/p4p1n/3pr2Q/2pp2p1/6b1/2N1PP2/PPPP2PP/1RB2RK1 w - - 1 17
r2q2k1/p4p1n/3pr2Q/2pp2p1/6b1/2N1PP2/PPPP2PP/1RB2RK1 w - - 1 17	h6h7	Qxh7+	r2q2k1/p4p1Q/3pr3/2pp2p1/6b1/2N1PP2/PPPP2PP/1RB2RK1 b - - 0 17
r2q2k1/p4p1Q/3pr3/2pp2p1/6b1/2N1PP2/PPPP2PP/1RB2RK1 b - - 0 17	g8h7	Kxh7	r2q4/p4p1k/3pr3/2pp2p1/6b1/2N1PP2/PPPP2PP/1RB2RK1 w - - 0 18
r2q4/p4p1k/3pr3/2pp2p1/6b1/2N1PP2/PPPP2PP/1RB2RK1 w - - 0 18	f3g4	fxg4	r2q4/p4p1k/3pr3/2pp2p1/6P1/2N1P3/PPPP2PP/1RB2RK1 b - - 0 18
r2q4/p4p1k/3pr3/2pp2p1/6P1/2N1P3/PPPP2PP/1RB2RK1 b - - 0 18	d5d4	d4	r2q4/p4p1k/3pr3/2p3p1/3p2P1/2N1P3/PPPP2PP/1RB2RK1 w - - 0 19
r2q4/p4p1k/3pr3/2p3p1/3p2P1/2N1P3/PPPP2PP/1RB2RK1 w - - 0 19	e3d4	exd4	r2q4/p4p1k/3pr3/2p3p1/3P2P1/2N5/PPPP2PP/1RB2RK1 b - - 0 19
r2q4/p4p1k/3pr3/2p3p1/3P2P1/2N5/PPPP2PP/1RB2RK1 b - - 0 19	c5d4	cxd4	r2q4/p4p1k/3pr3/6p1/3p2P1/2N5/PPPP2PP/1RB2RK1 w - - 0 20
r2q4/p4p1k/3pr3/6p1/3p2P1/2N5/PPPP2PP/1RB2RK1 w - - 0 20	c3d5	Nd5	r2q4/p4p1k/3pr3/3N2p1/3p2P1/8/PPPP2PP/1RB2RK1 b - - 1 20
r2q4/p4p1k/3pr3/3N2p1/3p2P1/8/PPPP2PP/1RB2RK1 b - - 1 20	d8a5	Qa5	r7/p4p1k/3pr3/q2N2p1/3p2P1/8/PPPP2PP/1RB2RK1 w - - 2 21
r7/p4p1k/3pr3/q2N2p1/3p2P1/8/PPPP2PP/1RB2RK1 w - - 2 21	f1f7	Rxf7+	r7/p4R1k/3pr3/q2N2p1/3p2P1/8/PPPP2PP/1RB3K1 b - - 0 21
r7/p4R1k/3pr3/q2N2p1/3p2P1/8/PPPP2PP/1RB3K1 b - - 0 21	h7g6	Kg6	r7/p4R2/3pr1k1/q2N2p1/3p2P1/8/PPPP2PP/1RB3K1 w - - 1 22
r7/p4R2/3pr1k1/q2N2p1/3p2P1/8/PPPP2PP/1RB3K1 w - - 1 22	f7f1	Rf1	r7/p7/3pr1k1/q2N2p1/3p2P1/8/PPPP2PP/1RB2RK1 b - - 2 22
r7/p7/3pr1k1/q2N2p1/3p2P1/8/PPPP2PP/1RB2RK1 b - - 2 22	a5d5	Qxd5	r7/p7/3pr1k1/3q2p1/3p2P1/8/PPPP2PP/1RB2RK1 w - - 0 23
r7/p7/3pr1k1/3q2p1/3p2P1/8/PPPP2PP/1RB2RK1 w - - 0 23	b1a1	Ra1	r7/p7/3pr1k1/3q2p1/3p2P1/8/PPPP2PP/R1B2RK1 b - - 1 23
r7/p7/3pr1k1/3q2p1/3p2P1/8/PPPP2PP/R1B2RK1 b - - 1 23	e6e2	Re2	r7/p7/3p2k1/3q2p1/3p2P1/8/PPPPr1PP/R1B2RK1 w - - 2 24
r7/p7/3p2k1/3q2p1/3p2P1/8/PPPPr1PP/R1B2RK1 w - - 2 24	f1f2	Rf2	r7/p7/3p2k1/3q2p1/3p2P1/8/PPPPrRPP/R1B3K1 b - - 3 24
r7/p7/3p2k1/3q2p1/3p2P1/8/PPPPrRPP/R1B3K1 b - - 3 24	d4d3	d3	r7/p7/3p2k1/3q2p1/6P1/3p4/PPPPrRPP/R1B3K1 w - - 0 25
r7/p7/3p2k1/3q2p1/6P1/3p4/PPPPrRPP/R1B3K1 w - - 0 25	f2e2	Rxe2	r7/p7/3p2k1/3q2p1/6P1/3p4/PPPPR1PP/R1B3K1 b - - 0 25
r7/p7/3p2k1/3q2p1/6P1/3p4/PPPPR1PP/R1B3K1 b - - 0 25	d3e2	dxe2	r7/p7/3p2k1/3q2p1/6P1/8/PPPPp1PP/R1B3K1 w - - 0 26
r7/p7/3p2k1/3q2p1/6P1/8/PPPPp1PP/R1B3K1 w - - 0 26	a2a3	a3	r7/p7/3p2k1/3q2p1/6P1/P7/1PPPp1PP/R1B3K1 b - - 0 26
r7/p7/3p2k1/3q2p1/6P1/P7/1PPPp1PP/R1B3K1 b - - 0 26	e2e1q	e1=Q#	r7/p7/3p2k1/3q2p1/6P1/P7/1PPP2PP/R1B1q1K1 w - - 0 27
rnbqkbnr/pppppppp/8/8/8/8/PPPPPPPP/RNBQKBNR w KQkq - 0 1	e2e4	e4	rnbqkbnr/pppppppp/8/8/4P3/8/PPPP1PPP/RNBQKBNR b KQkq e3 0 1
rnbqkbnr/pppppppp/8/8/4P3/8/PPPP1PPP/RNBQKBNR b KQkq e3 0 1	b8c6	Nc6	r1bqkbnr/pppppppp/2n5/8/4P3/8/PPPP1PPP/RNBQKBNR w KQkq - 1 2
r1bqkbnr/pppppppp/2n5/8/4P3/8/PPPP1PPP/RNBQKBNR w KQkq - 1 2	d2d4	d4	r1bqkbnr/pppppppp/2n5/8/3PP3/8/PPP2PPP/RNBQKBNR b KQkq d3 0 2
r1bqkbnr/pppppppp/2n5/8/3PP3/8/PPP2PPP/RNBQKBNR b KQkq d3 0 2	g8f6	Nf6	r1bqkb1r/pppppppp/2n2n2/8/3PP3/8/PPP2PPP/RNBQKBNR w KQkq - 1 3
r1bqkb1r/pppppppp/2n2n2/8/3PP3/8/PPP2PPP/RNBQKBNR w KQkq - 1 3	d4d5	d5	r1bqkb1r/pppppppp/2n2n2/3P4/4P3/8/PPP2PPP/RNBQKBNR b KQkq - 0 3
r1bqkb1r/pppppppp/2n2n2/3P4/4P3/8/PPP2PPP/RNBQKBNR b KQkq - 0 3	c6e5	Ne5	r1bqkb1r/pppppppp/5n2/3Pn3/4P3/8/PPP2PPP/RNBQKBNR w KQkq - 1 4
r1bqkb1r/pppppppp/5n2/3Pn3/4P3/8/PPP2PPP/RNBQKBNR w KQkq - 1 4	f2f4	f4	r1bqkb1r/pppppppp/5n2/3Pn3/4PP2/8/PPP3PP/RNBQKBNR b KQkq f3 0 4
r1bqkb1r/pppppppp/5n2/3Pn3/4PP2/8/PPP3PP/RNBQKBNR b KQkq f3 0 4	e5g6	Ng6	r1bqkb1r/pppppppp/5nn1/3P4/4PP2/8/PPP3PP/RNBQKBNR w KQkq - 1 5
r1bqkb1r/pppppppp/5nn1/3P4/4PP2/8/PPP3PP/RNBQKBNR w KQkq - 1 5	e4e5	e5	r1bqkb1r/pppppppp/5nn1/3PP3/5P2/8/PPP3PP/RNBQKBNR b KQkq - 0 5
r1bqkb1r/pppppppp/5nn1/3PP3/5P2/8/PPP3PP/RNBQKBNR b KQkq - 0 5	f6g8	Ng8	r1bqkbnr/pppppppp/6n1/3PP3/5P2/8/PPP3PP/RNBQKBNR w KQkq - 1 6
r1bqkbnr/pppppppp/6n1/3PP3/5P2/8/PPP3PP/RNBQKBNR w KQkq - 1 6	f1d3	Bd3	r1bqkbnr/pppppppp/6n1/3PP3/5P2/3B4/PPP3PP/RNBQK1NR b KQkq - 2 6
r1bqkbnr/pppppppp/6n1/3PP3/5P2/3B4/PPP3PP/RNBQK1NR b KQkq - 2 6	e7e6	e6	r1bqkbnr/pppp1ppp/4p1n1/3PP3/5P2/3B4/PPP3PP/RNBQK1NR w KQkq - 0 7
r1bqkbnr/pppp1ppp/4p1n1/3PP3/5P2/3B4/PPP3PP/RNBQK1NR w KQkq - 0 7	d1e2	Qe2	r1bqkbnr/pppp1ppp/4p1n1/3PP3/5P2/3B4/PPP1Q1PP/RNB1K1NR b KQkq - 1 7
r1bqkbnr/pppp1ppp/4p1n1/3PP3/5P2/3B4/PPP1Q1PP/RNB1K1NR b KQkq - 1 7	e6d5	exd5	r1bqkbnr/pppp1ppp/6n1/3pP3/5P2/3B4/PPP1Q1PP/RNB1K1NR w KQkq - 0 8
r1bqkbnr/pppp1ppp/6n1/3pP3/5P2/3B4/PPP1Q1PP/RNB1K1NR w KQkq - 0 8	f4f5	f5	r1bqkbnr/pppp1ppp/6n1/3pPP2/8/3B4/PPP1Q1PP/RNB1K1NR b KQkq - 0 8
r1bqkbnr/pppp1ppp/6n1/3pPP2/8/3B4/PPP1Q1PP/RNB1K1NR b KQkq - 0 8	g6e7	N6e7	r1bqkbnr/ppppnppp/8/3pPP2/8/3B4/PPP1Q1PP/RNB1K1NR w KQkq - 1 9
r1bqkbnr/ppppnppp/8/3pPP2/8/3B4/PPP1Q1PP/RNB1K1NR w KQkq - 1 9	g1f3	Nf3	r1bqkbnr/ppppnppp/8/3pPP2/8/3B1N2/PPP1Q1PP/RNB1K2R b KQkq - 2 9
r1bqkbnr/ppppnppp/8/3pPP2/8/3B1N2/PPP1Q1PP/RNB1K2R b KQkq - 2 9	c7c5	c5	r1bqkbnr/pp1pnppp/8/2ppPP2/8/3B1N2/PPP1Q1PP/RNB1K2R w KQkq c6 0 10
r1bqkbnr/pp1pnppp/8/2ppPP2/8/3B1N2/PPP1Q1PP/RNB1K2R w KQkq c6 0 10	c2c4	c4	r1bqkbnr/pp1pnppp/8/2ppPP2/2P5/3B1N2/PP2Q1PP/RNB1K2R b KQkq c3 0 10
r1bqkbnr/pp1pnppp/8/2ppPP2/2P5/3B1N2/PP2Q1PP/RNB1K2R b KQkq c3 0 10	d5c4	dxc4	r1bqkbnr/pp1pnppp/8/2p1PP2/2p5/3B1N2/PP2Q1PP/RNB1K2R w KQkq - 0 11
r1bqkbnr/pp1pnppp/8/2p1PP2/2p5/3B1N2/PP2Q1PP/RNB1K2R w KQkq - 0 11	d3c4	Bxc4	r1bqkbnr/pp1pnppp/8/2p1PP2/2B5/5N2/PP2Q1PP/RNB1K2R b KQkq - 0 11
r1bqkbnr/pp1pnppp/8/2p1PP2/2B5/5N2/PP2Q1PP/RNB1K2R b KQkq - 0 11	e7f5	Nxf5	r1bqkbnr/pp1p1ppp/8/2p1Pn2/2B5/5N2/PP2Q1PP/RNB1K2R w KQkq - 0 12
r1bqkbnr/pp1p1ppp/8/2p1Pn2/2B5/5N2/PP2Q1PP/RNB1K2R w KQkq - 0 12	e1g1	O-O	r1bqkbnr/pp1p1ppp/8/2p1Pn2/2B5/5N2/PP2Q1PP/RNB2RK1 b kq - 1 12
r1bqkbnr/pp1p1ppp/8/2p1Pn2/2B5/5N2/PP2Q1PP/RNB2RK1 b kq - 1 12	g8h6	Ngh6	r1bqkb1r/pp1p1ppp/7n/2p1Pn2/2B5/5N2/PP2Q1PP/RNB2RK1 w kq - 2 13
r1bqkb1r/pp1p1ppp/7n/2p1Pn2/2B5/5N2/PP2Q1PP/RNB2RK1 w kq - 2 13	g2g4	g4	r1bqkb1r/pp1p1ppp/7n/2p1Pn2/2B3P1/5N2/PP2Q2P/RNB2RK1 b kq g3 0 13
r1bqkb1r/pp1p1ppp/7n/2p1Pn2/2B3P1/5N2/PP2Q2P/RNB2RK1 b kq g3 0 13	h6g4	Nxg4	r1bqkb1r/pp1p1ppp/8/2p1Pn2/2B3n1/5N2/PP2Q2P/RNB2RK1 w kq - 0 14
r1bqkb1r/pp1p1ppp/8/2p1Pn2/2B3n1/5N2/PP2Q2P/RNB2RK1 w kq - 0 14	f3g5	Ng5	r1bqkb1r/pp1p1ppp/8/2p1PnN1/2B3n1/8/PP2Q2P/RNB2RK1 b kq - 1 14
r1bqkb1r/pp1p1ppp/8/2p1PnN1/2B3n1/8/PP2Q2P/RNB2RK1 b kq - 1 14	g4h6	Ngh6	r1bqkb1r/pp1p1ppp/7n/2p1PnN1/2B5/8/PP2Q2P/RNB2RK1 w kq - 2 15
r1bqkb1r/pp1p1ppp/7n/2p1PnN1/2B5/8/PP2Q2P/RNB2RK1 w kq - 2 15	f1f5	Rxf5	r1bqkb1r/pp1p1ppp/7n/2p1PRN1/2B5/8/PP2Q2P/RNB3K1 b kq - 0 15
r1bqkb1r/pp1p1ppp/7n/2p1PRN1/2B5/8/PP2Q2P/RNB3K1 b kq - 0 15	h6f5	Nxf5	r1bqkb1r/pp1p1ppp/8/2p1PnN1/2B5/8/PP2Q2P/RNB3K1 w kq - 0 16
r1bqkb1r/pp1p1ppp/8/2p1PnN1/2B5/8/PP2Q2P/RNB3K1 w kq - 0 16	c4f7	Bxf7+	r1bqkb1r/pp1p1Bpp/8/2p1PnN1/8/8/PP2Q2P/RNB3K1 b kq - 0 16
r1bqkb1r/pp1p1Bpp/8/2p1PnN1/8/8/PP2Q2P/RNB3K1 b kq - 0 16	e8e7	Ke7	r1bq1b1r/pp1pkBpp/8/2p1PnN1/8/8/PP2Q2P/RNB3K1 w - - 1 17
r1bq1b1r/pp1pkBpp/8/2p1PnN1/8/8/PP2Q2P/RNB3K1 w - - 1 17	b1c3	Nc3	r1bq1b1r/pp1pkBpp/8/2p1PnN1/8/2N5/PP2Q2P/R1B3K1 b - - 2 17
r1bq1b1r/pp1pkBpp/8/2p1PnN1/8/2N5/PP2Q2P/R1B3K1 b - - 2 17	d8a5	Qa5	r1b2b1r/pp1pkBpp/8/q1p1PnN1/8/2N5/PP2Q2P/R1B3K1 w - - 3 18
r1b2b1r/pp1pkBpp/8/q1p1PnN1/8/2N5/PP2Q2P/R1B3K1 w - - 3 18	c1d2	Bd2	r1b2b1r/pp1pkBpp/8/q1p1PnN1/8/2N5/PP1BQ2P/R5K1 b - - 4 18
r1b2b1r/pp1pkBpp/8/q1p1PnN1/8/2N5/PP1BQ2P/R5K1 b - - 4 18	e7d8	Kd8	r1bk1b1r/pp1p1Bpp/8/q1p1PnN1/8/2N5/PP1BQ2P/R5K1 w - - 5 19
r1bk1b1r/pp1p1Bpp/8/q1p1PnN1/8/2N5/PP1BQ2P/R5K1 w - - 5 19	f7c4	Bc4	r1bk1b1r/pp1p2pp/8/q1p1PnN1/2B5/2N5/PP1BQ2P/R5K1 b - - 6 19
r1bk1b1r/pp1p2pp/8/q1p1PnN1/2B5/2N5/PP1BQ2P/R5K1 b - - 6 19	f5h6	Nh6	r1bk1b1r/pp1p2pp/7n/q1p1P1N1/2B5/2N5/PP1BQ2P/R5K1 w - - 7 20
r1bk1b1r/pp1p2pp/7n/q1p1P1N1/2B5/2N5/PP1BQ2P/R5K1 w - - 7 20	e5e6	e6	r1bk1b1r/pp1p2pp/4P2n/q1p3N1/2B5/2N5/PP1BQ2P/R5K1 b - - 0 20
r1bk1b1r/pp1p2pp/4P2n/q1p3N1/2B5/2N5/PP1BQ2P/R5K1 b - - 0 20	a5b6	Qb6	r1bk1b1r/pp1p2pp/1q2P2n/2p3N1/2B5/2N5/PP1BQ2P/R5K1 w - - 1 21
r1bk1b1r/pp1p2pp/1q2P2n/2p3N1/2B5/2N5/PP1BQ2P/R5K1 w - - 1 21	c3d5	Nd5	r1bk1b1r/pp1p2pp/1q2P2n/2pN2N1/2B5/8/PP1BQ2P/R5K1 b - - 2 21
r1bk1b1r/pp1p2pp/1q2P2n/2pN2N1/2B5/8/PP1BQ2P/R5K1 b - - 2 21	b6d6	Qd6	r1bk1b1r/pp1p2pp/3qP2n/2pN2N1/2B5/8/PP1BQ2P/R5K1 w - - 3 22
r1bk1b1r/pp1p2pp/3qP2n/2pN2N1/2B5/8/PP1BQ2P/R5K1 w - - 3 22	d2f4	Bf4	r1bk1b1r/pp1p2pp/3qP2n/2pN2N1/2B2B2/8/PP2Q2P/R5K1 b - - 4 22
r1bk1b1r/pp1p2pp/3qP2n/2pN2N1/2B2B2/8/PP2Q2P/R5K1 b - - 4 22	d7e6	dxe6	r1bk1b1r/pp4pp/3qp2n/2pN2N1/2B2B2/8/PP2Q2P/R5K1 w - - 0 23
r1bk1b1r/pp4pp/3qp2n/2pN2N1/2B2B2/8/PP2Q2P/R5K1 w - - 0 23	f4d6	Bxd6	r1bk1b1r/pp4pp/3Bp2n/2pN2N1/2B5/8/PP2Q2P/R5K1 b - - 0 23
r1bk1b1r/pp4pp/3Bp2n/2pN2N1/2B5/8/PP2Q2P/R5K1 b - - 0 23	e6d5	exd5	r1bk1b1r/pp4pp/3B3n/2pp2N1/2B5/8/PP2Q2P/R5K1 w - - 0 24
r1bk1b1r/pp4pp/3B3n/2pp2N1/2B5/8/PP2Q2P/R5K1 w - - 0 24	e2e5	Qe5	r1bk1b1r/pp4pp/3B3n/2ppQ1N1/2B5/8/PP5P/R5K1 b - - 1 24
r1bk1b1r/pp4pp/3B3n/2ppQ1N1/2B5/8/PP5P/R5K1 b - - 1 24	c8d7	Bd7	r2k1b1r/pp1b2pp/3B3n/2ppQ1N1/2B5/8/PP5P/R5K1 w - - 2 25
r2k1b1r/pp1b2pp/3B3n/2ppQ1N1/2B5/8/PP5P/R5K1 w - - 2 25	g5e6	Ne6+	r2k1b1r/pp1b2pp/3BN2n/2ppQ3/2B5/8/PP5P/R5K1 b - - 3 25
r2k1b1r/pp1b2pp/3BN2n/2ppQ3/2B5/8/PP5P/R5K1 b - - 3 25	d7e6	Bxe6	r2k1b1r/pp4pp/3Bb2n/2ppQ3/2B5/8/PP5P/R5K1 w - - 0 26
r2k1b1r/pp4pp/3Bb2n/2ppQ3/2B5/8/PP5P/R5K1 w - - 0 26	e5e6	Qxe6	r2k1b1r/pp4pp/3BQ2n/2pp4/2B5/8/PP5P/R5K1 b - - 0 26
r2k1b1r/pp4pp/3BQ2n/2pp4/2B5/8/PP5P/R5K1 b - - 0 26	d5d4	d4	r2k1b1r/pp4pp/3BQ2n/2p5/2Bp4/8/PP5P/R5K1 w - - 0 27
r2k1b1r/pp4pp/3BQ2n/2p5/2Bp4/8/PP5P/R5K1 w - - 0 27	c4b5	Bb5	r2k1b1r/pp4pp/3BQ2n/1Bp5/3p4/8/PP5P/R5K1 b - - 1 27
r2k1b1r/pp4pp/3BQ2n/1Bp5/3p4/8/PP5P/R5K1 b - - 1 27	f8d6	Bxd6	r2k3r/pp4pp/3bQ2n/1Bp5/3p4/8/PP5P/R5K1 w - - 0 28
r2k3r/pp4pp/3bQ2n/1Bp5/3p4/8/PP5P/R5K1 w - - 0 28	e6d7	Qd7#	r2k3r/pp1Q2pp/3b3n/1Bp5/3p4/8/PP5P/R5K1 b - - 1 28
rnbqkbnr/pppppppp/8/8/8/8/PPPPPPPP/RNBQKBNR w KQkq - 0 1	d2d4	d4	rnbqkbnr/pppppppp/8/8/3P4/8/PPP1PPPP/RNBQKBNR b KQkq d3 0 1
rnbqkbnr/pppppppp/8/8/3P4/8/PPP1PPPP/RNBQKBNR b KQkq d3 0 1	b8a6	Na6	r1bqkbnr/pppppppp/n7/8/3P4/8/PPP1PPPP/RNBQKBNR w KQkq - 1 2
r1bqkbnr/pppppppp/n7/8/3P4/8/PPP1PPPP/RNBQKBNR w KQkq - 1 2	e2e4	e4	r1bqkbnr/pppppppp/n7/8/3PP3/8/PPP2PPP/RNBQKBNR b KQkq e3 0 2
r1bqkbnr/pppppppp/n7/8/3PP3/8/PPP2PPP/RNBQKBNR b KQkq e3 0 2	a6b8	Nb8	rnbqkbnr/pppppppp/8/8/3PP3/8/PPP2PPP/RNBQKBNR w KQkq - 1 3
rnbqkbnr/pppppppp/8/8/3PP3/8/PPP2PPP/RNBQKBNR w KQkq - 1 3	f1d3	Bd3	rnbqkbnr/pppppppp/8/8/3PP3/3B4/PPP2PPP/RNBQK1NR b KQkq - 2 3
rnbqkbnr/pppppppp/8/8/3PP3/3B4/PPP2PPP/RNBQK1NR b KQkq - 2 3	e7e6	e6	rnbqkbnr/pppp1ppp/4p3/8/3PP3/3B4/PPP2PPP/RNBQK1NR w KQkq - 0 4
rnbqkbnr/pppp1ppp/4p3/8/3PP3/3B4/PPP2PPP/RNBQK1NR w KQkq - 0 4	d3b5	Bb5	rnbqkbnr/pppp1ppp/4p3/1B6/3PP3/8/PPP2PPP/RNBQK1NR b KQkq - 1 4
rnbqkbnr/pppp1ppp/4p3/1B6/3PP3/8/PPP2PPP/RNBQK1NR b KQkq - 1 4	g7g6	g6	rnbqkbnr/pppp1p1p/4p1p1/1B6/3PP3/8/PPP2PPP/RNBQK1NR w KQkq - 0 5
rnbqkbnr/pppp1p1p/4p1p1/1B6/3PP3/8/PPP2PPP/RNBQK1NR w KQkq - 0 5	b5c6	Bc6	rnbqkbnr/pppp1p1p/2B1p1p1/8/3PP3/8/PPP2PPP/RNBQK1NR b KQkq - 1 5
rnbqkbnr/pppp1p1p/2B1p1p1/8/3PP3/8/PPP2PPP/RNBQK1NR b KQkq - 1 5	d8h4	Qh4	rnb1kbnr/pppp1p1p/2B1p1p1/8/3PP2q/8/PPP2PPP/RNBQK1NR w KQkq - 2 6
rnb1kbnr/pppp1p1p/2B1p1p1/8/3PP2q/8/PPP2PPP/RNBQK1NR w KQkq - 2 6	c1d2	Bd2	rnb1kbnr/pppp1p1p/2B1p1p1/8/3PP2q/8/PPPB1PPP/RN1QK1NR b KQkq - 3 6
rnb1kbnr/pppp1p1p/2B1p1p1/8/3PP2q/8/PPPB1PPP/RN1QK1NR b KQkq - 3 6	h4h5	Qh5	rnb1kbnr/pppp1p1p/2B1p1p1/7q/3PP3/8/PPPB1PPP/RN1QK1NR w KQkq - 4 7
rnb1kbnr/pppp1p1p/2B1p1p1/7q/3PP3/8/PPPB1PPP/RN1QK1NR w KQkq - 4 7	h2h4	h4	rnb1kbnr/pppp1p1p/2B1p1p1/7q/3PP2P/8/PPPB1PP1/RN1QK1NR b KQkq h3 0 7
rnb1kbnr/pppp1p1p/2B1p1p1/7q/3PP2P/8/PPPB1PP1/RN1QK1NR b KQkq h3 0 7	g8h6	Nh6	rnb1kb1r/pppp1p1p/2B1p1pn/7q/3PP2P/8/PPPB1PP1/RN1QK1NR w KQkq - 1 8
rnb1kb1r/pppp1p1p/2B1p1pn/7q/3PP2P/8/PPPB1PP1/RN1QK1NR w KQkq - 1 8	c2c4	c4	rnb1kb1r/pppp1p1p/2B1p1pn/7q/2PPP2P/8/PP1B1PP1/RN1QK1NR b KQkq c3 0 8
rnb1kb1r/pppp1p1p/2B1p1pn/7q/2PPP2P/8/PP1B1PP1/RN1QK1NR b KQkq c3 0 8	b8c6	Nxc6	r1b1kb1r/pppp1p1p/2n1p1pn/7q/2PPP2P/8/PP1B1PP1/RN1QK1NR w KQkq - 0 9
r1b1kb1r/pppp1p1p/2n1p1pn/7q/2PPP2P/8/PP1B1PP1/RN1QK1NR w KQkq - 0 9	d1g4	Qg4	r1b1kb1r/pppp1p1p/2n1p1pn/7q/2PPP1QP/8/PP1B1PP1/RN2K1NR b KQkq - 1 9
r1b1kb1r/pppp1p1p/2n1p1pn/7q/2PPP1QP/8/PP1B1PP1/RN2K1NR b KQkq - 1 9	d7d5	d5	r1b1kb1r/ppp2p1p/2n1p1pn/3p3q/2PPP1QP/8/PP1B1PP1/RN2K1NR w KQkq d6 0 10
r1b1kb1r/ppp2p1p/2n1p1pn/3p3q/2PPP1QP/8/PP1B1PP1/RN2K1NR w KQkq d6 0 10	b1a3	Na3	r1b1kb1r/ppp2p1p/2n1p1pn/3p3q/2PPP1QP/N7/PP1B1PP1/R3K1NR b KQkq - 1 10
r1b1kb1r/ppp2p1p/2n1p1pn/3p3q/2PPP1QP/N7/PP1B1PP1/R3K1NR b KQkq - 1 10	f8a3	Bxa3	r1b1k2r/ppp2p1p/2n1p1pn/3p3q/2PPP1QP/b7/PP1B1PP1/R3K1NR w KQkq - 0 11
r1b1k2r/ppp2p1p/2n1p1pn/3p3q/2PPP1QP/b7/PP1B1PP1/R3K1NR w KQkq - 0 11	d2c3	Bc3	r1b1k2r/ppp2p1p/2n1p1pn/3p3q/2PPP1QP/b1B5/PP3PP1/R3K1NR b KQkq - 1 11
r1b1k2r/ppp2p1p/2n1p1pn/3p3q/2PPP1QP/b1B5/PP3PP1/R3K1NR b KQkq - 1 11	h8f8	Rf8	r1b1kr2/ppp2p1p/2n1p1pn/3p3q/2PPP1QP/b1B5/PP3PP1/R3K1NR w KQq - 2 12
r1b1kr2/ppp2p1p/2n1p1pn/3p3q/2PPP1QP/b1B5/PP3PP1/R3K1NR w KQq - 2 12	f2f3	f3	r1b1kr2/ppp2p1p/2n1p1pn/3p3q/2PPP1QP/b1B2P2/PP4P1/R3K1NR b KQq - 0 12
r1b1kr2/ppp2p1p/2n1p1pn/3p3q/2PPP1QP/b1B2P2/PP4P1/R3K1NR b KQq - 0 12	c6e5	Ne5	r1b1kr2/ppp2p1p/4p1pn/3pn2q/2PPP1QP/b1B2P2/PP4P1/R3K1NR w KQq - 1 13
r1b1kr2/ppp2p1p/4p1pn/3pn2q/2PPP1QP/b1B2P2/PP4P1/R3K1NR w KQq - 1 13	h1h2	Rh2	r1b1kr2/ppp2p1p/4p1pn/3pn2q/2PPP1QP/b1B2P2/PP4PR/R3K1N1 b Qq - 2 13
r1b1kr2/ppp2p1p/4p1pn/3pn2q/2PPP1QP/b1B2P2/PP4PR/R3K1N1 b Qq - 2 13	e5d3	Nd3+	r1b1kr2/ppp2p1p/4p1pn/3p3q/2PPP1QP/b1Bn1P2/PP4PR/R3K1N1 w Qq - 3 14
r1b1kr2/ppp2p1p/4p1pn/3p3q/2PPP1QP/b1Bn1P2/PP4PR/R3K1N1 w Qq - 3 14	e1d2	Kd2	r1b1kr2/ppp2p1p/4p1pn/3p3q/2PPP1QP/b1Bn1P2/PP1K2PR/R5N1 b q - 4 14
r1b1kr2/ppp2p1p/4p1pn/3p3q/2PPP1QP/b1Bn1P2/PP1K2PR/R5N1 b q - 4 14	h5g4	Qxg4	r1b1kr2/ppp2p1p/4p1pn/3p4/2PPP1qP/b1Bn1P2/PP1K2PR/R5N1 w q - 0 15
r1b1kr2/ppp2p1p/4p1pn/3p4/2PPP1qP/b1Bn1P2/PP1K2PR/R5N1 w q - 0 15	d2e2	Ke2	r1b1kr2/ppp2p1p/4p1pn/3p4/2PPP1qP/b1Bn1P2/PP2K1PR/R5N1 b q - 1 15
r1b1kr2/ppp2p1p/4p1pn/3p4/2PPP1qP/b1Bn1P2/PP2K1PR/R5N1 b q - 1 15	g4f3	Qxf3+	r1b1kr2/ppp2p1p/4p1pn/3p4/2PPP2P/b1Bn1q2/PP2K1PR/R5N1 w q - 0 16
r1b1kr2/ppp2p1p/4p1pn/3p4/2PPP2P/b1Bn1q2/PP2K1PR/R5N1 w q - 0 16	e2d2	Kd2	r1b1kr2/ppp2p1p/4p1pn/3p4/2PPP2P/b1Bn1q2/PP1K2PR/R5N1 b q - 1 16
r1b1kr2/ppp2p1p/4p1pn/3p4/2PPP2P/b1Bn1q2/PP1K2PR/R5N1 b q - 1 16	f3f6	Qf6	r1b1kr2/ppp2p1p/4pqpn/3p4/2PPP2P/b1Bn4/PP1K2PR/R5N1 w q - 2 17
r1b1kr2/ppp2p1p/4pqpn/3p4/2PPP2P/b1Bn4/PP1K2PR/R5N1 w q - 2 17	b2a3	bxa3	r1b1kr2/ppp2p1p/4pqpn/3p4/2PPP2P/P1Bn4/P2K2PR/R5N1 b q - 0 17
r1b1kr2/ppp2p1p/4pqpn/3p4/2PPP2P/P1Bn4/P2K2PR/R5N1 b q - 0 17	d3e1	Ne1	r1b1kr2/ppp2p1p/4pqpn/3p4/2PPP2P/P1B5/P2K2PR/R3n1N1 w q - 1 18
r1b1kr2/ppp2p1p/4pqpn/3p4/2PPP2P/P1B5/P2K2PR/R3n1N1 w q - 1 18	a3a4	a4	r1b1kr2/ppp2p1p/4pqpn/3p4/P1PPP2P/2B5/P2K2PR/R3n1N1 b q - 0 18
r1b1kr2/ppp2p1p/4pqpn/3p4/P1PPP2P/2B5/P2K2PR/R3n1N1 b q - 0 18	e8d7	Kd7	r1b2r2/pppk1p1p/4pqpn/3p4/P1PPP2P/2B5/P2K2PR/R3n1N1 w - - 1 19
r1b2r2/pppk1p1p/4pqpn/3p4/P1PPP2P/2B5/P2K2PR/R3n1N1 w - - 1 19	g1h3	Nh3	r1b2r2/pppk1p1p/4pqpn/3p4/P1PPP2P/2B4N/P2K2PR/R3n3 b - - 2 19
r1b2r2/pppk1p1p/4pqpn/3p4/P1PPP2P/2B4N/P2K2PR/R3n3 b - - 2 19	h6g4	Ng4	r1b2r2/pppk1p1p/4pqp1/3p4/P1PPP1nP/2B4N/P2K2PR/R3n3 w - - 3 20
r1b2r2/pppk1p1p/4pqp1/3p4/P1PPP1nP/2B4N/P2K2PR/R3n3 w - - 3 20	a4a5	a5	r1b2r2/pppk1p1p/4pqp1/P2p4/2PPP1nP/2B4N/P2K2PR/R3n3 b - - 0 20
r1b2r2/pppk1p1p/4pqp1/P2p4/2PPP1nP/2B4N/P2K2PR/R3n3 b - - 0 20	d5e4	dxe4	r1b2r2/pppk1p1p/4pqp1/P7/2PPp1nP/2B4N/P2K2PR/R3n3 w - - 0 21
r1b2r2/pppk1p1p/4pqp1/P7/2PPp1nP/2B4N/P2K2PR/R3n3 w - - 0 21	d2e1	Kxe1	r1b2r2/pppk1p1p/4pqp1/P7/2PPp1nP/2B4N/P5PR/R3K3 b - - 0 21
r1b2r2/pppk1p1p/4pqp1/P7/2PPp1nP/2B4N/P5PR/R3K3 b - - 0 21	f6e7	Qe7	r1b2r2/pppkqp1p/4p1p1/P7/2PPp1nP/2B4N/P5PR/R3K3 w - - 1 22
r1b2r2/pppkqp1p/4p1p1/P7/2PPp1nP/2B4N/P5PR/R3K3 w - - 1 22	e1e2	Ke2	r1b2r2/pppkqp1p/4p1p1/P7/2PPp1nP/2B4N/P3K1PR/R7 b - - 2 22
r1b2r2/pppkqp1p/4p1p1/P7/2PPp1nP/2B4N/P3K1PR/R7 b - - 2 22	e7d8	Qd8	r1bq1r2/pppk1p1p/4p1p1/P7/2PPp1nP/2B4N/P3K1PR/R7 w - - 3 23
r1bq1r2/pppk1p1p/4p1p1/P7/2PPp1nP/2B4N/P3K1PR/R7 w - - 3 23	a1c1	Rc1	r1bq1r2/pppk1p1p/4p1p1/P7/2PPp1nP/2B4N/P3K1PR/2R5 b - - 4 23
r1bq1r2/pppk1p1p/4p1p1/P7/2PPp1nP/2B4N/P3K1PR/2R5 b - - 4 23	h7h5	h5	r1bq1r2/pppk1p2/4p1p1/P6p/2PPp1nP/2B4N/P3K1PR/2R5 w - h6 0 24
r1bq1r2/pppk1p2/4p1p1/P6p/2PPp1nP/2B4N/P3K1PR/2R5 w - h6 0 24	c1f1	Rf1	r1bq1r2/pppk1p2/4p1p1/P6p/2PPp1nP/2B4N/P3K1PR/5R2 b - - 1 24
r1bq1r2/pppk1p2/4p1p1/P6p/2PPp1nP/2B4N/P3K1PR/5R2 b - - 1 24	e6e5	e5	r1bq1r2/pppk1p2/6p1/P3p2p/2PPp1nP/2B4N/P3K1PR/5R2 w - - 0 25
r1bq1r2/pppk1p2/6p1/P3p2p/2PPp1nP/2B4N/P3K1PR/5R2 w - - 0 25	f1b1	Rb1	r1bq1r2/pppk1p2/6p1/P3p2p/2PPp1nP/2B4N/P3K1PR/1R6 b - - 1 25
r1bq1r2/pppk1p2/6p1/P3p2p/2PPp1nP/2B4N/P3K1PR/1R6 b - - 1 25	c7c6	c6	r1bq1r2/pp1k1p2/2p3p1/P3p2p/2PPp1nP/2B4N/P3K1PR/1R6 w - - 0 26
r1bq1r2/pp1k1p2/2p3p1/P3p2p/2PPp1nP/2B4N/P3K1PR/1R6 w - - 0 26	c3a1	Ba1	r1bq1r2/pp1k1p2/2p3p1/P3p2p/2PPp1nP/7N/P3K1PR/BR6 b - - 1 26
r1bq1r2/pp1k1p2/2p3p1/P3p2p/2PPp1nP/7N/P3K1PR/BR6 b - - 1 26	a8b8	Rb8	1rbq1r2/pp1k1p2/2p3p1/P3p2p/2PPp1nP/7N/P3K1PR/BR6 w - - 2 27
1rbq1r2/pp1k1p2/2p3p1/P3p2p/2PPp1nP/7N/P3K1PR/BR6 w - - 2 27	h3g1	Ng1	1rbq1r2/pp1k1p2/2p3p1/P3p2p/2PPp1nP/8/P3K1PR/BR4N1 b - - 3 27
1rbq1r2/pp1k1p2/2p3p1/P3p2p/2PPp1nP/8/P3K1PR/BR4N1 b - - 3 27	d8h4	Qxh4	1rb2r2/pp1k1p2/2p3p1/P3p2p/2PPp1nq/8/P3K1PR/BR4N1 w - - 0 28
1rb2r2/pp1k1p2/2p3p1/P3p2p/2PPp1nq/8/P3K1PR/BR4N1 w - - 0 28	e2d2	Kd2	1rb2r2/pp1k1p2/2p3p1/P3p2p/2PPp1nq/8/P2K2PR/BR4N1 b - - 1 28
1rb2r2/pp1k1p2/2p3p1/P3p2p/2PPp1nq/8/P2K2PR/BR4N1 b - - 1 28	d7e8	Ke8	1rb1kr2/pp3p2/2p3p1/P3p2p/2PPp1nq/8/P2K2PR/BR4N1 w - - 2 29
1rb1kr2/pp3p2/2p3p1/P3p2p/2PPp1nq/8/P2K2PR/BR4N1 w - - 2 29	g1f3	Nf3	1rb1kr2/pp3p2/2p3p1/P3p2p/2PPp1nq/5N2/P2K2PR/BR6 b - - 3 29
1rb1kr2/pp3p2/2p3p1/P3p2p/2PPp1nq/5N2/P2K2PR/BR6 b - - 3 29	b7b5	b5	1rb1kr2/p4p2/2p3p1/Pp2p2p/2PPp1nq/5N2/P2K2PR/BR6 w - b6 0 30
1rb1kr2/p4p2/2p3p1/Pp2p2p/2PPp1nq/5N2/P2K2PR/BR6 w - b6 0 30	b1b4	Rb4	1rb1kr2/p4p2/2p3p1/Pp2p2p/1RPPp1nq/5N2/P2K2PR/B7 b - - 1 30
1rb1kr2/p4p2/2p3p1/Pp2p2p/1RPPp1nq/5N2/P2K2PR/B7 b - - 1 30	b8b6	Rb6	2b1kr2/p4p2/1rp3p1/Pp2p2p/1RPPp1nq/5N2/P2K2PR/B7 w - - 2 31
rnbqkbnr/pppppppp/8/8/8/8/PPPPPPPP/RNBQKBNR w KQkq - 0 1	a2a3	a3	rnbqkbnr/pppppppp/8/8/8/P7/1PPPPPPP/RNBQKBNR b KQkq - 0 1
rnbqkbnr/pppppppp/8/8/8/P7/1PPPPPPP/RNBQKBNR b KQkq - 0 1	b8c6	Nc6	r1bqkbnr/pppppppp/2n5/8/8/P7/1PPPPPPP/RNBQKBNR w KQkq - 1 2
r1bqkbnr/pppppppp/2n5/8/8/P7/1PPPPPPP/RNBQKBNR w KQkq - 1 2	g2g4	g4	r1bqkbnr/pppppppp/2n5/8/6P1/P7/1PPPPP1P/RNBQKBNR b KQkq g3 0 2
r1bqkbnr/pppppppp/2n5/8/6P1/P7/1PPPPP1P/RNBQKBNR b KQkq g3 0 2	a7a6	a6	r1bqkbnr/1ppppppp/p1n5/8/6P1/P7/1PPPPP1P/RNBQKBNR w KQkq - 0 3
r1bqkbnr/1ppppppp/p1n5/8/6P1/P7/1PPPPP1P/RNBQKBNR w KQkq - 0 3	a1a2	Ra2	r1bqkbnr/1ppppppp/p1n5/8/6P1/P7/RPPPPP1P/1NBQKBNR b Kkq - 1 3
r1bqkbnr/1ppppppp/p1n5/8/6P1/P7/RPPPPP1P/1NBQKBNR b Kkq - 1 3	e7e5	e5	r1bqkbnr/1ppp1ppp/p1n5/4p3/6P1/P7/RPPPPP1P/1NBQKBNR w Kkq e6 0 4
r1bqkbnr/1ppp1ppp/p1n5/4p3/6P1/P7/RPPPPP1P/1NBQKBNR w Kkq e6 0 4	b2b3	b3	r1bqkbnr/1ppp1ppp/p1n5/4p3/6P1/PP6/R1PPPP1P/1NBQKBNR b Kkq - 0 4
r1bqkbnr/1ppp1ppp/p1n5/4p3/6P1/PP6/R1PPPP1P/1NBQKBNR b Kkq - 0 4	f7f6	f6	r1bqkbnr/1ppp2pp/p1n2p2/4p3/6P1/PP6/R1PPPP1P/1NBQKBNR w Kkq - 0 5
r1bqkbnr/1ppp2pp/p1n2p2/4p3/6P1/PP6/R1PPPP1P/1NBQKBNR w Kkq - 0 5	h2h4	h4	r1bqkbnr/1ppp2pp/p1n2p2/4p3/6PP/PP6/R1PPPP2/1NBQKBNR b Kkq h3 0 5
r1bqkbnr/1ppp2pp/p1n2p2/4p3/6PP/PP6/R1PPPP2/1NBQKBNR b Kkq h3 0 5	c6d4	Nd4	r1bqkbnr/1ppp2pp/p4p2/4p3/3n2PP/PP6/R1PPPP2/1NBQKBNR w Kkq - 1 6
r1bqkbnr/1ppp2pp/p4p2/4p3/3n2PP/PP6/R1PPPP2/1NBQKBNR w Kkq - 1 6	f2f4	f4	r1bqkbnr/1ppp2pp/p4p2/4p3/3n1PPP/PP6/R1PPP3/1NBQKBNR b Kkq f3 0 6
r1bqkbnr/1ppp2pp/p4p2/4p3/3n1PPP/PP6/R1PPP3/1NBQKBNR b Kkq f3 0 6	d7d5	d5	r1bqkbnr/1pp3pp/p4p2/3pp3/3n1PPP/PP6/R1PPP3/1NBQKBNR w Kkq d6 0 7
r1bqkbnr/1pp3pp/p4p2/3pp3/3n1PPP/PP6/R1PPP3/1NBQKBNR w Kkq d6 0 7	b1c3	Nc3	r1bqkbnr/1pp3pp/p4p2/3pp3/3n1PPP/PPN5/R1PPP3/2BQKBNR b Kkq - 1 7
r1bqkbnr/1pp3pp/p4p2/3pp3/3n1PPP/PPN5/R1PPP3/2BQKBNR b Kkq - 1 7	f6f5	f5	r1bqkbnr/1pp3pp/p7/3ppp2/3n1PPP/PPN5/R1PPP3/2BQKBNR w Kkq - 0 8
r1bqkbnr/1pp3pp/p7/3ppp2/3n1PPP/PPN5/R1PPP3/2BQKBNR w Kkq - 0 8	d2d3	d3	r1bqkbnr/1pp3pp/p7/3ppp2/3n1PPP/PPNP4/R1P1P3/2BQKBNR b Kkq - 0 8
r1bqkbnr/1pp3pp/p7/3ppp2/3n1PPP/PPNP4/R1P1P3/2BQKBNR b Kkq - 0 8	f8a3	Bxa3	r1bqk1nr/1pp3pp/p7/3ppp2/3n1PPP/bPNP4/R1P1P3/2BQKBNR w Kkq - 0 9
r1bqk1nr/1pp3pp/p7/3ppp2/3n1PPP/bPNP4/R1P1P3/2BQKBNR w Kkq - 0 9	a2a3	Rxa3	r1bqk1nr/1pp3pp/p7/3ppp2/3n1PPP/RPNP4/2P1P3/2BQKBNR b Kkq - 0 9
r1bqk1nr/1pp3pp/p7/3ppp2/3n1PPP/RPNP4/2P1P3/2BQKBNR b Kkq - 0 9	d4f3	Nf3+	r1bqk1nr/1pp3pp/p7/3ppp2/5PPP/RPNP1n2/2P1P3/2BQKBNR w Kkq - 1 10
r1bqk1nr/1pp3pp/p7/3ppp2/5PPP/RPNP1n2/2P1P3/2BQKBNR w Kkq - 1 10	e2f3	exf3	r1bqk1nr/1pp3pp/p7/3ppp2/5PPP/RPNP1P2/2P5/2BQKBNR b Kkq - 0 10
r1bqk1nr/1pp3pp/p7/3ppp2/5PPP/RPNP1P2/2P5/2BQKBNR b Kkq - 0 10	d8g5	Qg5	r1b1k1nr/1pp3pp/p7/3pppq1/5PPP/RPNP1P2/2P5/2BQKBNR w Kkq - 1 11
r1b1k1nr/1pp3pp/p7/3pppq1/5PPP/RPNP1P2/2P5/2BQKBNR w Kkq - 1 11	f4e5	fxe5	r1b1k1nr/1pp3pp/p7/3pPpq1/6PP/RPNP1P2/2P5/2BQKBNR b Kkq - 0 11
r1b1k1nr/1pp3pp/p7/3pPpq1/6PP/RPNP1P2/2P5/2BQKBNR b Kkq - 0 11	a8b8	Rb8	1rb1k1nr/1pp3pp/p7/3pPpq1/6PP/RPNP1P2/2P5/2BQKBNR w Kk - 1 12
1rb1k1nr/1pp3pp/p7/3pPpq1/6PP/RPNP1P2/2P5/2BQKBNR w Kk - 1 12	c3b1	Nb1	1rb1k1nr/1pp3pp/p7/3pPpq1/6PP/RP1P1P2/2P5/1NBQKBNR b Kk - 2 12
1rb1k1nr/1pp3pp/p7/3pPpq1/6PP/RP1P1P2/2P5/1NBQKBNR b Kk - 2 12	g5g4	Qxg4	1rb1k1nr/1pp3pp/p7/3pPp2/6qP/RP1P1P2/2P5/1NBQKBNR w Kk - 0 13
1rb1k1nr/1pp3pp/p7/3pPp2/6qP/RP1P1P2/2P5/1NBQKBNR w Kk - 0 13	c1h6	Bh6	1rb1k1nr/1pp3pp/p6B/3pPp2/6qP/RP1P1P2/2P5/1N1QKBNR b Kk - 1 13
1rb1k1nr/1pp3pp/p6B/3pPp2/6qP/RP1P1P2/2P5/1N1QKBNR b Kk - 1 13	a6a5	a5	1rb1k1nr/1pp3pp/7B/p2pPp2/6qP/RP1P1P2/2P5/1N1QKBNR w Kk - 0 14
1rb1k1nr/1pp3pp/7B/p2pPp2/6qP/RP1P1P2/2P5/1N1QKBNR w Kk - 0 14	h4h5	h5	1rb1k1nr/1pp3pp/7B/p2pPp1P/6q1/RP1P1P2/2P5/1N1QKBNR b Kk - 0 14
1rb1k1nr/1pp3pp/7B/p2pPp1P/6q1/RP1P1P2/2P5/1N1QKBNR b Kk - 0 14	g4g2	Qg2	1rb1k1nr/1pp3pp/7B/p2pPp1P/8/RP1P1P2/2P3q1/1N1QKBNR w Kk - 1 15
1rb1k1nr/1pp3pp/7B/p2pPp1P/8/RP1P1P2/2P3q1/1N1QKBNR w Kk - 1 15	h6d2	Bd2	1rb1k1nr/1pp3pp/8/p2pPp1P/8/RP1P1P2/2PB2q1/1N1QKBNR b Kk - 2 15
1rb1k1nr/1pp3pp/8/p2pPp1P/8/RP1P1P2/2PB2q1/1N1QKBNR b Kk - 2 15	g2g5	Qg5	1rb1k1nr/1pp3pp/8/p2pPpqP/8/RP1P1P2/2PB4/1N1QKBNR w Kk - 3 16
1rb1k1nr/1pp3pp/8/p2pPpqP/8/RP1P1P2/2PB4/1N1QKBNR w Kk - 3 16	d2b4	Bb4	1rb1k1nr/1pp3pp/8/p2pPpqP/1B6/RP1P1P2/2P5/1N1QKBNR b Kk - 4 16
1rb1k1nr/1pp3pp/8/p2pPpqP/1B6/RP1P1P2/2P5/1N1QKBNR b Kk - 4 16	h7h6	h6	1rb1k1nr/1pp3p1/7p/p2pPpqP/1B6/RP1P1P2/2P5/1N1QKBNR w Kk - 0 17
1rb1k1nr/1pp3p1/7p/p2pPpqP/1B6/RP1P1P2/2P5/1N1QKBNR w Kk - 0 17	d1d2	Qd2	1rb1k1nr/1pp3p1/7p/p2pPpqP/1B6/RP1P1P2/2PQ4/1N2KBNR b Kk - 1 17
1rb1k1nr/1pp3p1/7p/p2pPpqP/1B6/RP1P1P2/2PQ4/1N2KBNR b Kk - 1 17	g5f6	Qf6	1rb1k1nr/1pp3p1/5q1p/p2pPp1P/1B6/RP1P1P2/2PQ4/1N2KBNR w Kk - 2 18
1rb1k1nr/1pp3p1/5q1p/p2pPp1P/1B6/RP1P1P2/2PQ4/1N2KBNR w Kk - 2 18	f1g2	Bg2	1rb1k1nr/1pp3p1/5q1p/p2pPp1P/1B6/RP1P1P2/2PQ2B1/1N2K1NR b Kk - 3 18
1rb1k1nr/1pp3p1/5q1p/p2pPp1P/1B6/RP1P1P2/2PQ2B1/1N2K1NR b Kk - 3 18	b7b6	b6	1rb1k1nr/2p3p1/1p3q1p/p2pPp1P/1B6/RP1P1P2/2PQ2B1/1N2K1NR w Kk - 0 19
1rb1k1nr/2p3p1/1p3q1p/p2pPp1P/1B6/RP1P1P2/2PQ2B1/1N2K1NR w Kk - 0 19	b1c3	Nc3	1rb1k1nr/2p3p1/1p3q1p/p2pPp1P/1B6/RPNP1P2/2PQ2B1/4K1NR b Kk - 1 19
1rb1k1nr/2p3p1/1p3q1p/p2pPp1P/1B6/RPNP1P2/2PQ2B1/4K1NR b Kk - 1 19	a5a4	a4	1rb1k1nr/2p3p1/1p3q1p/3pPp1P/pB6/RPNP1P2/2PQ2B1/4K1NR w Kk - 0 20
1rb1k1nr/2p3p1/1p3q1p/3pPp1P/pB6/RPNP1P2/2PQ2B1/4K1NR w Kk - 0 20	d2g5	Qg5	1rb1k1nr/2p3p1/1p3q1p/3pPpQP/pB6/RPNP1P2/2P3B1/4K1NR b Kk - 1 20
1rb1k1nr/2p3p1/1p3q1p/3pPpQP/pB6/RPNP1P2/2P3B1/4K1NR b Kk - 1 20	f5f4	f4	1rb1k1nr/2p3p1/1p3q1p/3pP1QP/pB3p2/RPNP1P2/2P3B1/4K1NR w Kk - 0 21
1rb1k1nr/2p3p1/1p3q1p/3pP1QP/pB3p2/RPNP1P2/2P3B1/4K1NR w Kk - 0 21	g2h3	Bh3	1rb1k1nr/2p3p1/1p3q1p/3pP1QP/pB3p2/RPNP1P1B/2P5/4K1NR b Kk - 1 21
1rb1k1nr/2p3p1/1p3q1p/3pP1QP/pB3p2/RPNP1P1B/2P5/4K1NR b Kk - 1 21	f6c6	Qc6	1rb1k1nr/2p3p1/1pq4p/3pP1QP/pB3p2/RPNP1P1B/2P5/4K1NR w Kk - 2 22
1rb1k1nr/2p3p1/1pq4p/3pP1QP/pB3p2/RPNP1P1B/2P5/4K1NR w Kk - 2 22	e1e2	Ke2	1rb1k1nr/2p3p1/1pq4p/3pP1QP/pB3p2/RPNP1P1B/2P1K3/6NR b k - 3 22
1rb1k1nr/2p3p1/1pq4p/3pP1QP/pB3p2/RPNP1P1B/2P1K3/6NR b k - 3 22	c6b7	Qb7	1rb1k1nr/1qp3p1/1p5p/3pP1QP/pB3p2/RPNP1P1B/2P1K3/6NR w k - 4 23
1rb1k1nr/1qp3p1/1p5p/3pP1QP/pB3p2/RPNP1P1B/2P1K3/6NR w k - 4 23	g5g3	Qg3	1rb1k1nr/1qp3p1/1p5p/3pP2P/pB3p2/RPNP1PQB/2P1K3/6NR b k - 5 23
1rb1k1nr/1qp3p1/1p5p/3pP2P/pB3p2/RPNP1PQB/2P1K3/6NR b k - 5 23	c8h3	Bxh3	1r2k1nr/1qp3p1/1p5p/3pP2P/pB3p2/RPNP1PQb/2P1K3/6NR w k - 0 24
1r2k1nr/1qp3p1/1p5p/3pP2P/pB3p2/RPNP1PQb/2P1K3/6NR w k - 0 24	c3b5	Nb5	1r2k1nr/1qp3p1/1p5p/1N1pP2P/pB3p2/RP1P1PQb/2P1K3/6NR b k - 1 24
1r2k1nr/1qp3p1/1p5p/1N1pP2P/pB3p2/RP1P1PQb/2P1K3/6NR b k - 1 24	h3f5	Bf5	1r2k1nr/1qp3p1/1p5p/1N1pPb1P/pB3p2/RP1P1PQ1/2P1K3/6NR w k - 2 25
1r2k1nr/1qp3p1/1p5p/1N1pPb1P/pB3p2/RP1P1PQ1/2P1K3/6NR w k - 2 25	e2f2	Kf2	1r2k1nr/1qp3p1/1p5p/1N1pPb1P/pB3p2/RP1P1PQ1/2P2K2/6NR b k - 3 25
1r2k1nr/1qp3p1/1p5p/1N1pPb1P/pB3p2/RP1P1PQ1/2P2K2/6NR b k - 3 25	f5d7	Bd7	1r2k1nr/1qpb2p1/1p5p/1N1pP2P/pB3p2/RP1P1PQ1/2P2K2/6NR w k - 4 26
1r2k1nr/1qpb2p1/1p5p/1N1pP2P/pB3p2/RP1P1PQ1/2P2K2/6NR w k - 4 26	b5c7	Nxc7+	1r2k1nr/1qNb2p1/1p5p/3pP2P/pB3p2/RP1P1PQ1/2P2K2/6NR b k - 0 26
1r2k1nr/1qNb2p1/1p5p/3pP2P/pB3p2/RP1P1PQ1/2P2K2/6NR b k - 0 26	e8f7	Kf7	1r4nr/1qNb1kp1/1p5p/3pP2P/pB3p2/RP1P1PQ1/2P2K2/6NR w - - 1 27
1r4nr/1qNb1kp1/1p5p/3pP2P/pB3p2/RP1P1PQ1/2P2K2/6NR w - - 1 27	c7e8	Ne8	1r2N1nr/1q1b1kp1/1p5p/3pP2P/pB3p2/RP1P1PQ1/2P2K2/6NR b - - 2 27
1r2N1nr/1q1b1kp1/1p5p/3pP2P/pB3p2/RP1P1PQ1/2P2K2/6NR b - - 2 27	d7f5	Bf5	1r2N1nr/1q3kp1/1p5p/3pPb1P/pB3p2/RP1P1PQ1/2P2K2/6NR w - - 3 28
1r2N1nr/1q3kp1/1p5p/3pPb1P/pB3p2/RP1P1PQ1/2P2K2/6NR w - - 3 28	e8d6	Nd6+	1r4nr/1q3kp1/1p1N3p/3pPb1P/pB3p2/RP1P1PQ1/2P2K2/6NR b - - 4 28
1r4nr/1q3kp1/1p1N3p/3pPb1P/pB3p2/RP1P1PQ1/2P2K2/6NR b - - 4 28	f7e6	Ke6	1r4nr/1q4p1/1p1Nk2p/3pPb1P/pB3p2/RP1P1PQ1/2P2K2/6NR w - - 5 29
1r4nr/1q4p1/1p1Nk2p/3pPb1P/pB3p2/RP1P1PQ1/2P2K2/6NR w - - 5 29	d6b5	Nb5	1r4nr/1q4p1/1p2k2p/1N1pPb1P/pB3p2/RP1P1PQ1/2P2K2/6NR b - - 6 29
1r4nr/1q4p1/1p2k2p/1N1pPb1P/pB3p2/RP1P1PQ1/2P2K2/6NR b - - 6 29	b8f8	Rf8	5rnr/1q4p1/1p2k2p/1N1pPb1P/pB3p2/RP1P1PQ1/2P2K2/6NR w - - 7 30
5rnr/1q4p1/1p2k2p/1N1pPb1P/pB3p2/RP1P1PQ1/2P2K2/6NR w - - 7 30	f2f1	Kf1	5rnr/1q4p1/1p2k2p/1N1pPb1P/pB3p2/RP1P1PQ1/2P5/5KNR b - - 8 30
5rnr/1q4p1/1p2k2p/1N1pPb1P/pB3p2/RP1P1PQ1/2P5/5KNR b - - 8 30	d5d4	d4	5rnr/1q4p1/1p2k2p/1N2Pb1P/pB1p1p2/RP1P1PQ1/2P5/5KNR w - - 0 31
rnbqkbnr/pppppppp/8/8/8/8/PPPPPPPP/RNBQKBNR w KQkq - 0 1	e2e3	e3	rnbqkbnr/pppppppp/8/8/8/4P3/PPPP1PPP/RNBQKBNR b KQkq - 0 1
rnbqkbnr/pppppppp/8/8/8/4P3/PPPP1PPP/RNBQKBNR b KQkq - 0 1	e7e5	e5	rnbqkbnr/pppp1ppp/8/4p3/8/4P3/PPPP1PPP/RNBQKBNR w KQkq e6 0 2
rnbqkbnr/pppp1ppp/8/4p3/8/4P3/PPPP1PPP/RNBQKBNR w KQkq e6 0 2	h2h3	h3	rnbqkbnr/pppp1ppp/8/4p3/8/4P2P/PPPP1PP1/RNBQKBNR b KQkq - 0 2
rnbqkbnr/pppp1ppp/8/4p3/8/4P2P/PPPP1PP1/RNBQKBNR b KQkq - 0 2	d8f6	Qf6	rnb1kbnr/pppp1ppp/5q2/4p3/8/4P2P/PPPP1PP1/RNBQKBNR w KQkq - 1 3
rnb1kbnr/pppp1ppp/5q2/4p3/8/4P2P/PPPP1PP1/RNBQKBNR w KQkq - 1 3	d1h5	Qh5	rnb1kbnr/pppp1ppp/5q2/4p2Q/8/4P2P/PPPP1PP1/RNB1KBNR b KQkq - 2 3
rnb1kbnr/pppp1ppp/5q2/4p2Q/8/4P2P/PPPP1PP1/RNB1KBNR b KQkq - 2 3	f6b6	Qb6	rnb1kbnr/pppp1ppp/1q6/4p2Q/8/4P2P/PPPP1PP1/RNB1KBNR w KQkq - 3 4
rnb1kbnr/pppp1ppp/1q6/4p2Q/8/4P2P/PPPP1PP1/RNB1KBNR w KQkq - 3 4	e1d1	Kd1	rnb1kbnr/pppp1ppp/1q6/4p2Q/8/4P2P/PPPP1PP1/RNBK1BNR b kq - 4 4
rnb1kbnr/pppp1ppp/1q6/4p2Q/8/4P2P/PPPP1PP1/RNBK1BNR b kq - 4 4	c7c5	c5	rnb1kbnr/pp1p1ppp/1q6/2p1p2Q/8/4P2P/PPPP1PP1/RNBK1BNR w kq c6 0 5
rnb1kbnr/pp1p1ppp/1q6/2p1p2Q/8/4P2P/PPPP1PP1/RNBK1BNR w kq c6 0 5	h5g4	Qg4	rnb1kbnr/pp1p1ppp/1q6/2p1p3/6Q1/4P2P/PPPP1PP1/RNBK1BNR b kq - 1 5
rnb1kbnr/pp1p1ppp/1q6/2p1p3/6Q1/4P2P/PPPP1PP1/RNBK1BNR b kq - 1 5	b8c6	Nc6	r1b1kbnr/pp1p1ppp/1qn5/2p1p3/6Q1/4P2P/PPPP1PP1/RNBK1BNR w kq - 2 6
r1b1kbnr/pp1p1ppp/1qn5/2p1p3/6Q1/4P2P/PPPP1PP1/RNBK1BNR w kq - 2 6	g2g3	g3	r1b1kbnr/pp1p1ppp/1qn5/2p1p3/6Q1/4P1PP/PPPP1P2/RNBK1BNR b kq - 0 6
r1b1kbnr/pp1p1ppp/1qn5/2p1p3/6Q1/4P1PP/PPPP1P2/RNBK1BNR b kq - 0 6	c6b8	Nb8	rnb1kbnr/pp1p1ppp/1q6/2p1p3/6Q1/4P1PP/PPPP1P2/RNBK1BNR w kq - 1 7
rnb1kbnr/pp1p1ppp/1q6/2p1p3/6Q1/4P1PP/PPPP1P2/RNBK1BNR w kq - 1 7	c2c4	c4	rnb1kbnr/pp1p1ppp/1q6/2p1p3/2P3Q1/4P1PP/PP1P1P2/RNBK1BNR b kq c3 0 7
rnb1kbnr/pp1p1ppp/1q6/2p1p3/2P3Q1/4P1PP/PP1P1P2/RNBK1BNR b kq c3 0 7	b6b2	Qxb2	rnb1kbnr/pp1p1ppp/8/2p1p3/2P3Q1/4P1PP/Pq1P1P2/RNBK1BNR w kq - 0 8
rnb1kbnr/pp1p1ppp/8/2p1p3/2P3Q1/4P1PP/Pq1P1P2/RNBK1BNR w kq - 0 8	g4g5	Qg5	rnb1kbnr/pp1p1ppp/8/2p1p1Q1/2P5/4P1PP/Pq1P1P2/RNBK1BNR b kq - 1 8
rnb1kbnr/pp1p1ppp/8/2p1p1Q1/2P5/4P1PP/Pq1P1P2/RNBK1BNR b kq - 1 8	g8f6	Nf6	rnb1kb1r/pp1p1ppp/5n2/2p1p1Q1/2P5/4P1PP/Pq1P1P2/RNBK1BNR w kq - 2 9
rnb1kb1r/pp1p1ppp/5n2/2p1p1Q1/2P5/4P1PP/Pq1P1P2/RNBK1BNR w kq - 2 9	b1a3	Na3	rnb1kb1r/pp1p1ppp/5n2/2p1p1Q1/2P5/N3P1PP/Pq1P1P2/R1BK1BNR b kq - 3 9
rnb1kb1r/pp1p1ppp/5n2/2p1p1Q1/2P5/N3P1PP/Pq1P1P2/R1BK1BNR b kq - 3 9	f6e4	Ne4	rnb1kb1r/pp1p1ppp/8/2p1p1Q1/2P1n3/N3P1PP/Pq1P1P2/R1BK1BNR w kq - 4 10
rnb1kb1r/pp1p1ppp/8/2p1p1Q1/2P1n3/N3P1PP/Pq1P1P2/R1BK1BNR w kq - 4 10	g5e7	Qe7+	rnb1kb1r/pp1pQppp/8/2p1p3/2P1n3/N3P1PP/Pq1P1P2/R1BK1BNR b kq - 5 10
rnb1kb1r/pp1pQppp/8/2p1p3/2P1n3/N3P1PP/Pq1P1P2/R1BK1BNR b kq - 5 10	e8e7	Kxe7	rnb2b1r/pp1pkppp/8/2p1p3/2P1n3/N3P1PP/Pq1P1P2/R1BK1BNR w - - 0 11
rnb2b1r/pp1pkppp/8/2p1p3/2P1n3/N3P1PP/Pq1P1P2/R1BK1BNR w - - 0 11	a1b1	Rb1	rnb2b1r/pp1pkppp/8/2p1p3/2P1n3/N3P1PP/Pq1P1P2/1RBK1BNR b - - 1 11
rnb2b1r/pp1pkppp/8/2p1p3/2P1n3/N3P1PP/Pq1P1P2/1RBK1BNR b - - 1 11	b2a1	Qa1	rnb2b1r/pp1pkppp/8/2p1p3/2P1n3/N3P1PP/P2P1P2/qRBK1BNR w - - 2 12
rnb2b1r/pp1pkppp/8/2p1p3/2P1n3/N3P1PP/P2P1P2/qRBK1BNR w - - 2 12	b1b7	Rxb7	rnb2b1r/pR1pkppp/8/2p1p3/2P1n3/N3P1PP/P2P1P2/q1BK1BNR b - - 0 12
rnb2b1r/pR1pkppp/8/2p1p3/2P1n3/N3P1PP/P2P1P2/q1BK1BNR b - - 0 12	g7g6	g6	rnb2b1r/pR1pkp1p/6p1/2p1p3/2P1n3/N3P1PP/P2P1P2/q1BK1BNR w - - 0 13
rnb2b1r/pR1pkp1p/6p1/2p1p3/2P1n3/N3P1PP/P2P1P2/q1BK1BNR w - - 0 13	d2d4	d4	rnb2b1r/pR1pkp1p/6p1/2p1p3/2PPn3/N3P1PP/P4P2/q1BK1BNR b - d3 0 13
rnb2b1r/pR1pkp1p/6p1/2p1p3/2PPn3/N3P1PP/P4P2/q1BK1BNR b - d3 0 13	a1b2	Qb2	rnb2b1r/pR1pkp1p/6p1/2p1p3/2PPn3/N3P1PP/Pq3P2/2BK1BNR w - - 1 14
rnb2b1r/pR1pkp1p/6p1/2p1p3/2PPn3/N3P1PP/Pq3P2/2BK1BNR w - - 1 14	g1e2	Ne2	rnb2b1r/pR1pkp1p/6p1/2p1p3/2PPn3/N3P1PP/Pq2NP2/2BK1B1R b - - 2 14
rnb2b1r/pR1pkp1p/6p1/2p1p3/2PPn3/N3P1PP/Pq2NP2/2BK1B1R b - - 2 14	e7e8	Ke8	rnb1kb1r/pR1p1p1p/6p1/2p1p3/2PPn3/N3P1PP/Pq2NP2/2BK1B1R w - - 3 15
rnb1kb1r/pR1p1p1p/6p1/2p1p3/2PPn3/N3P1PP/Pq2NP2/2BK1B1R w - - 3 15	d1e1	Ke1	rnb1kb1r/pR1p1p1p/6p1/2p1p3/2PPn3/N3P1PP/Pq2NP2/2B1KB1R b - - 4 15
rnb1kb1r/pR1p1p1p/6p1/2p1p3/2PPn3/N3P1PP/Pq2NP2/2B1KB1R b - - 4 15	b2d2	Qd2+	rnb1kb1r/pR1p1p1p/6p1/2p1p3/2PPn3/N3P1PP/P2qNP2/2B1KB1R w - - 5 16
rnb1kb1r/pR1p1p1p/6p1/2p1p3/2PPn3/N3P1PP/P2qNP2/2B1KB1R w - - 5 16	c1d2	Bxd2	rnb1kb1r/pR1p1p1p/6p1/2p1p3/2PPn3/N3P1PP/P2BNP2/4KB1R b - - 0 16
rnb1kb1r/pR1p1p1p/6p1/2p1p3/2PPn3/N3P1PP/P2BNP2/4KB1R b - - 0 16	d7d6	d6	rnb1kb1r/pR3p1p/3p2p1/2p1p3/2PPn3/N3P1PP/P2BNP2/4KB1R w - - 0 17
rnb1kb1r/pR3p1p/3p2p1/2p1p3/2PPn3/N3P1PP/P2BNP2/4KB1R w - - 0 17	a3c2	Nc2	rnb1kb1r/pR3p1p/3p2p1/2p1p3/2PPn3/4P1PP/P1NBNP2/4KB1R b - - 1 17
rnb1kb1r/pR3p1p/3p2p1/2p1p3/2PPn3/4P1PP/P1NBNP2/4KB1R b - - 1 17	f8g7	Bg7	rnb1k2r/pR3pbp/3p2p1/2p1p3/2PPn3/4P1PP/P1NBNP2/4KB1R w - - 2 18
rnb1k2r/pR3pbp/3p2p1/2p1p3/2PPn3/4P1PP/P1NBNP2/4KB1R w - - 2 18	d4d5	d5	rnb1k2r/pR3pbp/3p2p1/2pPp3/2P1n3/4P1PP/P1NBNP2/4KB1R b - - 0 18
rnb1k2r/pR3pbp/3p2p1/2pPp3/2P1n3/4P1PP/P1NBNP2/4KB1R b - - 0 18	g7h6	Bh6	rnb1k2r/pR3p1p/3p2pb/2pPp3/2P1n3/4P1PP/P1NBNP2/4KB1R w - - 1 19
rnb1k2r/pR3p1p/3p2pb/2pPp3/2P1n3/4P1PP/P1NBNP2/4KB1R w - - 1 19	b7f7	Rxf7	rnb1k2r/p4R1p/3p2pb/2pPp3/2P1n3/4P1PP/P1NBNP2/4KB1R b - - 0 19
rnb1k2r/p4R1p/3p2pb/2pPp3/2P1n3/4P1PP/P1NBNP2/4KB1R b - - 0 19	h6f8	Bf8	rnb1kb1r/p4R1p/3p2p1/2pPp3/2P1n3/4P1PP/P1NBNP2/4KB1R w - - 1 20
rnb1kb1r/p4R1p/3p2p1/2pPp3/2P1n3/4P1PP/P1NBNP2/4KB1R w - - 1 20	e2d4	Ned4	rnb1kb1r/p4R1p/3p2p1/2pPp3/2PNn3/4P1PP/P1NB1P2/4KB1R b - - 2 20
rnb1kb1r/p4R1p/3p2p1/2pPp3/2PNn3/4P1PP/P1NB1P2/4KB1R b - - 2 20	g6g5	g5	rnb1kb1r/p4R1p/3p4/2pPp1p1/2PNn3/4P1PP/P1NB1P2/4KB1R w - - 0 21
rnb1kb1r/p4R1p/3p4/2pPp1p1/2PNn3/4P1PP/P1NB1P2/4KB1R w - - 0 21	f7h7	Rxh7	rnb1kb1r/p6R/3p4/2pPp1p1/2PNn3/4P1PP/P1NB1P2/4KB1R b - - 0 21
rnb1kb1r/p6R/3p4/2pPp1p1/2PNn3/4P1PP/P1NB1P2/4KB1R b - - 0 21	e4g3	Nxg3	rnb1kb1r/p6R/3p4/2pPp1p1/2PN4/4P1nP/P1NB1P2/4KB1R w - - 0 22
rnb1kb1r/p6R/3p4/2pPp1p1/2PN4/4P1nP/P1NB1P2/4KB1R w - - 0 22	d4b3	Nb3	rnb1kb1r/p6R/3p4/2pPp1p1/2P5/1N2P1nP/P1NB1P2/4KB1R b - - 1 22
rnb1kb1r/p6R/3p4/2pPp1p1/2P5/1N2P1nP/P1NB1P2/4KB1R b - - 1 22	c8d7	Bd7	rn2kb1r/p2b3R/3p4/2pPp1p1/2P5/1N2P1nP/P1NB1P2/4KB1R w - - 2 23
rn2kb1r/p2b3R/3p4/2pPp1p1/2P5/1N2P1nP/P1NB1P2/4KB1R w - - 2 23	b3c1	Nc1	rn2kb1r/p2b3R/3p4/2pPp1p1/2P5/4P1nP/P1NB1P2/2N1KB1R b - - 3 23
rn2kb1r/p2b3R/3p4/2pPp1p1/2P5/4P1nP/P1NB1P2/2N1KB1R b - - 3 23	a7a6	a6	rn2kb1r/3b3R/p2p4/2pPp1p1/2P5/4P1nP/P1NB1P2/2N1KB1R w - - 0 24
rn2kb1r/3b3R/p2p4/2pPp1p1/2P5/4P1nP/P1NB1P2/2N1KB1R w - - 0 24	f1d3	Bd3	rn2kb1r/3b3R/p2p4/2pPp1p1/2P5/3BP1nP/P1NB1P2/2N1K2R b - - 1 24
rn2kb1r/3b3R/p2p4/2pPp1p1/2P5/3BP1nP/P1NB1P2/2N1K2R b - - 1 24	d7f5	Bf5	rn2kb1r/7R/p2p4/2pPpbp1/2P5/3BP1nP/P1NB1P2/2N1K2R w - - 2 25
rn2kb1r/7R/p2p4/2pPpbp1/2P5/3BP1nP/P1NB1P2/2N1K2R w - - 2 25	h1f1	Rf1	rn2kb1r/7R/p2p4/2pPpbp1/2P5/3BP1nP/P1NB1P2/2N1KR2 b - - 3 25
rn2kb1r/7R/p2p4/2pPpbp1/2P5/3BP1nP/P1NB1P2/2N1KR2 b - - 3 25	f5e6	Be6	rn2kb1r/7R/p2pb3/2pPp1p1/2P5/3BP1nP/P1NB1P2/2N1KR2 w - - 4 26
rn2kb1r/7R/p2pb3/2pPp1p1/2P5/3BP1nP/P1NB1P2/2N1KR2 w - - 4 26	f1g1	Rg1	rn2kb1r/7R/p2pb3/2pPp1p1/2P5/3BP1nP/P1NB1P2/2N1K1R1 b - - 5 26
rn2kb1r/7R/p2pb3/2pPp1p1/2P5/3BP1nP/P1NB1P2/2N1K1R1 b - - 5 26	f8h6	Bh6	rn2k2r/7R/p2pb2b/2pPp1p1/2P5/3BP1nP/P1NB1P2/2N1K1R1 w - - 6 27
rn2k2r/7R/p2pb2b/2pPp1p1/2P5/3BP1nP/P1NB1P2/2N1K1R1 w - - 6 27	d5e6	dxe6	rn2k2r/7R/p2pP2b/2p1p1p1/2P5/3BP1nP/P1NB1P2/2N1K1R1 b - - 0 27
rn2k2r/7R/p2pP2b/2p1p1p1/2P5/3BP1nP/P1NB1P2/2N1K1R1 b - - 0 27	g5g4	g4	rn2k2r/7R/p2pP2b/2p1p3/2P3p1/3BP1nP/P1NB1P2/2N1K1R1 w - - 0 28
rn2k2r/7R/p2pP2b/2p1p3/2P3p1/3BP1nP/P1NB1P2/2N1K1R1 w - - 0 28	h7f7	Rf7	rn2k2r/5R2/p2pP2b/2p1p3/2P3p1/3BP1nP/P1NB1P2/2N1K1R1 b - - 1 28
rn2k2r/5R2/p2pP2b/2p1p3/2P3p1/3BP1nP/P1NB1P2/2N1K1R1 b - - 1 28	h6g7	Bg7	rn2k2r/5Rb1/p2pP3/2p1p3/2P3p1/3BP1nP/P1NB1P2/2N1K1R1 w - - 2 29
rn2k2r/5Rb1/p2pP3/2p1p3/2P3p1/3BP1nP/P1NB1P2/2N1K1R1 w - - 2 29	e3e4	e4	rn2k2r/5Rb1/p2pP3/2p1p3/2P1P1p1/3B2nP/P1NB1P2/2N1K1R1 b - - 0 29
rn2k2r/5Rb1/p2pP3/2p1p3/2P1P1p1/3B2nP/P1NB1P2/2N1K1R1 b - - 0 29	g3h1	Nh1	rn2k2r/5Rb1/p2pP3/2p1p3/2P1P1p1/3B3P/P1NB1P2/2N1K1Rn w - - 1 30
rn2k2r/5Rb1/p2pP3/2p1p3/2P1P1p1/3B3P/P1NB1P2/2N1K1Rn w - - 1 30	g1g4	Rxg4	rn2k2r/5Rb1/p2pP3/2p1p3/2P1P1R1/3B3P/P1NB1P2/2N1K2n b - - 0 30
rn2k2r/5Rb1/p2pP3/2p1p3/2P1P1R1/3B3P/P1NB1P2/2N1K2n b - - 0 30	h8f8	Rf8	rn2kr2/5Rb1/p2pP3/2p1p3/2P1P1R1/3B3P/P1NB1P2/2N1K2n w - - 1 31
rnbqkbnr/pppppppp/8/8/8/8/PPPPPPPP/RNBQKBNR w KQkq - 0 1	b1c3	Nc3	rnbqkbnr/pppppppp/8/8/8/2N5/PPPPPPPP/R1BQKBNR b KQkq - 1 1
rnbqkbnr/pppppppp/8/8/8/2N5/PPPPPPPP/R1BQKBNR b KQkq - 1 1	e7e5	e5	rnbqkbnr/pppp1ppp/8/4p3/8/2N5/PPPPPPPP/R1BQKBNR w KQkq e6 0 2
rnbqkbnr/pppp1ppp/8/4p3/8/2N5/PPPPPPPP/R1BQKBNR w KQkq e6 0 2	e2e4	e4	rnbqkbnr/pppp1ppp/8/4p3/4P3/2N5/PPPP1PPP/R1BQKBNR b KQkq e3 0 2
rnbqkbnr/pppp1ppp/8/4p3/4P3/2N5/PPPP1PPP/R1BQKBNR b KQkq e3 0 2	d7d5	d5	rnbqkbnr/ppp2ppp/8/3pp3/4P3/2N5/PPPP1PPP/R1BQKBNR w KQkq d6 0 3
rnbqkbnr/ppp2ppp/8/3pp3/4P3/2N5/PPPP1PPP/R1BQKBNR w KQkq d6 0 3	d1g4	Qg4	rnbqkbnr/ppp2ppp/8/3pp3/4P1Q1/2N5/PPPP1PPP/R1B1KBNR b KQkq - 1 3
rnbqkbnr/ppp2ppp/8/3pp3/4P1Q1/2N5/PPPP1PPP/R1B1KBNR b KQkq - 1 3	b8d7	Nd7	r1bqkbnr/pppn1ppp/8/3pp3/4P1Q1/2N5/PPPP1PPP/R1B1KBNR w KQkq - 2 4
r1bqkbnr/pppn1ppp/8/3pp3/4P1Q1/2N5/PPPP1PPP/R1B1KBNR w KQkq - 2 4	c3a4	Na4	r1bqkbnr/pppn1ppp/8/3pp3/N3P1Q1/8/PPPP1PPP/R1B1KBNR b KQkq - 3 4
r1bqkbnr/pppn1ppp/8/3pp3/N3P1Q1/8/PPPP1PPP/R1B1KBNR b KQkq - 3 4	d8f6	Qf6	r1b1kbnr/pppn1ppp/5q2/3pp3/N3P1Q1/8/PPPP1PPP/R1B1KBNR w KQkq - 4 5
r1b1kbnr/pppn1ppp/5q2/3pp3/N3P1Q1/8/PPPP1PPP/R1B1KBNR w KQkq - 4 5	g4e6	Qe6+	r1b1kbnr/pppn1ppp/4Qq2/3pp3/N3P3/8/PPPP1PPP/R1B1KBNR b KQkq - 5 5
r1b1kbnr/pppn1ppp/4Qq2/3pp3/N3P3/8/PPPP1PPP/R1B1KBNR b KQkq - 5 5	e8d8	Kd8	r1bk1bnr/pppn1ppp/4Qq2/3pp3/N3P3/8/PPPP1PPP/R1B1KBNR w KQ - 6 6
r1bk1bnr/pppn1ppp/4Qq2/3pp3/N3P3/8/PPPP1PPP/R1B1KBNR w KQ - 6 6	e6c6	Qc6	r1bk1bnr/pppn1ppp/2Q2q2/3pp3/N3P3/8/PPPP1PPP/R1B1KBNR b KQ - 7 6
r1bk1bnr/pppn1ppp/2Q2q2/3pp3/N3P3/8/PPPP1PPP/R1B1KBNR b KQ - 7 6	d5d4	d4	r1bk1bnr/pppn1ppp/2Q2q2/4p3/N2pP3/8/PPPP1PPP/R1B1KBNR w KQ - 0 7
r1bk1bnr/pppn1ppp/2Q2q2/4p3/N2pP3/8/PPPP1PPP/R1B1KBNR w KQ - 0 7	c6b5	Qb5	r1bk1bnr/pppn1ppp/5q2/1Q2p3/N2pP3/8/PPPP1PPP/R1B1KBNR b KQ - 1 7
r1bk1bnr/pppn1ppp/5q2/1Q2p3/N2pP3/8/PPPP1PPP/R1B1KBNR b KQ - 1 7	f6e7	Qe7	r1bk1bnr/pppnqppp/8/1Q2p3/N2pP3/8/PPPP1PPP/R1B1KBNR w KQ - 2 8
r1bk1bnr/pppnqppp/8/1Q2p3/N2pP3/8/PPPP1PPP/R1B1KBNR w KQ - 2 8	b5c6	Qc6	r1bk1bnr/pppnqppp/2Q5/4p3/N2pP3/8/PPPP1PPP/R1B1KBNR b KQ - 3 8
r1bk1bnr/pppnqppp/2Q5/4p3/N2pP3/8/PPPP1PPP/R1B1KBNR b KQ - 3 8	e7h4	Qh4	r1bk1bnr/pppn1ppp/2Q5/4p3/N2pP2q/8/PPPP1PPP/R1B1KBNR w KQ - 4 9
r1bk1bnr/pppn1ppp/2Q5/4p3/N2pP2q/8/PPPP1PPP/R1B1KBNR w KQ - 4 9	e1e2	Ke2	r1bk1bnr/pppn1ppp/2Q5/4p3/N2pP2q/8/PPPPKPPP/R1B2BNR b - - 5 9
r1bk1bnr/pppn1ppp/2Q5/4p3/N2pP2q/8/PPPPKPPP/R1B2BNR b - - 5 9	d7f6	Ndf6	r1bk1bnr/ppp2ppp/2Q2n2/4p3/N2pP2q/8/PPPPKPPP/R1B2BNR w - - 6 10
r1bk1bnr/ppp2ppp/2Q2n2/4p3/N2pP2q/8/PPPPKPPP/R1B2BNR w - - 6 10	c6c5	Qc5	r1bk1bnr/ppp2ppp/5n2/2Q1p3/N2pP2q/8/PPPPKPPP/R1B2BNR b - - 7 10
r1bk1bnr/ppp2ppp/5n2/2Q1p3/N2pP2q/8/PPPPKPPP/R1B2BNR b - - 7 10	g8h6	Nh6	r1bk1b1r/ppp2ppp/5n1n/2Q1p3/N2pP2q/8/PPPPKPPP/R1B2BNR w - - 8 11
r1bk1b1r/ppp2ppp/5n1n/2Q1p3/N2pP2q/8/PPPPKPPP/R1B2BNR w - - 8 11	c5c3	Qc3	r1bk1b1r/ppp2ppp/5n1n/4p3/N2pP2q/2Q5/PPPPKPPP/R1B2BNR b - - 9 11
r1bk1b1r/ppp2ppp/5n1n/4p3/N2pP2q/2Q5/PPPPKPPP/R1B2BNR b - - 9 11	a7a6	a6	r1bk1b1r/1pp2ppp/p4n1n/4p3/N2pP2q/2Q5/PPPPKPPP/R1B2BNR w - - 0 12
r1bk1b1r/1pp2ppp/p4n1n/4p3/N2pP2q/2Q5/PPPPKPPP/R1B2BNR w - - 0 12	a4c5	Nc5	r1bk1b1r/1pp2ppp/p4n1n/2N1p3/3pP2q/2Q5/PPPPKPPP/R1B2BNR b - - 1 12
r1bk1b1r/1pp2ppp/p4n1n/2N1p3/3pP2q/2Q5/PPPPKPPP/R1B2BNR b - - 1 12	f6d5	Nd5	r1bk1b1r/1pp2ppp/p6n/2Nnp3/3pP2q/2Q5/PPPPKPPP/R1B2BNR w - - 2 13
r1bk1b1r/1pp2ppp/p6n/2Nnp3/3pP2q/2Q5/PPPPKPPP/R1B2BNR w - - 2 13	c5a6	Nxa6	r1bk1b1r/1pp2ppp/N6n/3np3/3pP2q/2Q5/PPPPKPPP/R1B2BNR b - - 0 13
r1bk1b1r/1pp2ppp/N6n/3np3/3pP2q/2Q5/PPPPKPPP/R1B2BNR b - - 0 13	d5b6	Nb6	r1bk1b1r/1pp2ppp/Nn5n/4p3/3pP2q/2Q5/PPPPKPPP/R1B2BNR w - - 1 14
r1bk1b1r/1pp2ppp/Nn5n/4p3/3pP2q/2Q5/PPPPKPPP/R1B2BNR w - - 1 14	a6b4	Nb4	r1bk1b1r/1pp2ppp/1n5n/4p3/1N1pP2q/2Q5/PPPPKPPP/R1B2BNR b - - 2 14
r1bk1b1r/1pp2ppp/1n5n/4p3/1N1pP2q/2Q5/PPPPKPPP/R1B2BNR b - - 2 14	c8h3	Bh3	r2k1b1r/1pp2ppp/1n5n/4p3/1N1pP2q/2Q4b/PPPPKPPP/R1B2BNR w - - 3 15
r2k1b1r/1pp2ppp/1n5n/4p3/1N1pP2q/2Q4b/PPPPKPPP/R1B2BNR w - - 3 15	a2a3	a3	r2k1b1r/1pp2ppp/1n5n/4p3/1N1pP2q/P1Q4b/1PPPKPPP/R1B2BNR b - - 0 15
r2k1b1r/1pp2ppp/1n5n/4p3/1N1pP2q/P1Q4b/1PPPKPPP/R1B2BNR b - - 0 15	h4g5	Qg5	r2k1b1r/1pp2ppp/1n5n/4p1q1/1N1pP3/P1Q4b/1PPPKPPP/R1B2BNR w - - 1 16
r2k1b1r/1pp2ppp/1n5n/4p1q1/1N1pP3/P1Q4b/1PPPKPPP/R1B2BNR w - - 1 16	c3d4	Qxd4+	r2k1b1r/1pp2ppp/1n5n/4p1q1/1N1QP3/P6b/1PPPKPPP/R1B2BNR b - - 0 16
r2k1b1r/1pp2ppp/1n5n/4p1q1/1N1QP3/P6b/1PPPKPPP/R1B2BNR b - - 0 16	b6d5	Nd5	r2k1b1r/1pp2ppp/7n/3np1q1/1N1QP3/P6b/1PPPKPPP/R1B2BNR w - - 1 17
r2k1b1r/1pp2ppp/7n/3np1q1/1N1QP3/P6b/1PPPKPPP/R1B2BNR w - - 1 17	c2c3	c3	r2k1b1r/1pp2ppp/7n/3np1q1/1N1QP3/P1P4b/1P1PKPPP/R1B2BNR b - - 0 17
r2k1b1r/1pp2ppp/7n/3np1q1/1N1QP3/P1P4b/1P1PKPPP/R1B2BNR b - - 0 17	a8a3	Rxa3	3k1b1r/1pp2ppp/7n/3np1q1/1N1QP3/r1P4b/1P1PKPPP/R1B2BNR w - - 0 18
3k1b1r/1pp2ppp/7n/3np1q1/1N1QP3/r1P4b/1P1PKPPP/R1B2BNR w - - 0 18	d4d3	Qd3	3k1b1r/1pp2ppp/7n/3np1q1/1N2P3/r1PQ3b/1P1PKPPP/R1B2BNR b - - 1 18
3k1b1r/1pp2ppp/7n/3np1q1/1N2P3/r1PQ3b/1P1PKPPP/R1B2BNR b - - 1 18	h3c8	Bc8	2bk1b1r/1pp2ppp/7n/3np1q1/1N2P3/r1PQ4/1P1PKPPP/R1B2BNR w - - 2 19
2bk1b1r/1pp2ppp/7n/3np1q1/1N2P3/r1PQ4/1P1PKPPP/R1B2BNR w - - 2 19	h2h4	h4	2bk1b1r/1pp2ppp/7n/3np1q1/1N2P2P/r1PQ4/1P1PKPP1/R1B2BNR b - h3 0 19
2bk1b1r/1pp2ppp/7n/3np1q1/1N2P2P/r1PQ4/1P1PKPP1/R1B2BNR b - h3 0 19	g7g6	g6	2bk1b1r/1pp2p1p/6pn/3np1q1/1N2P2P/r1PQ4/1P1PKPP1/R1B2BNR w - - 0 20
2bk1b1r/1pp2p1p/6pn/3np1q1/1N2P2P/r1PQ4/1P1PKPP1/R1B2BNR w - - 0 20	d3c2	Qc2	2bk1b1r/1pp2p1p/6pn/3np1q1/1N2P2P/r1P5/1PQPKPP1/R1B2BNR b - - 1 20
2bk1b1r/1pp2p1p/6pn/3np1q1/1N2P2P/r1P5/1PQPKPP1/R1B2BNR b - - 1 20	f8b4	Bxb4	2bk3r/1pp2p1p/6pn/3np1q1/1b2P2P/r1P5/1PQPKPP1/R1B2BNR w - - 0 21
2bk3r/1pp2p1p/6pn/3np1q1/1b2P2P/r1P5/1PQPKPP1/R1B2BNR w - - 0 21	b2b3	b3	2bk3r/1pp2p1p/6pn/3np1q1/1b2P2P/rPP5/2QPKPP1/R1B2BNR b - - 0 21
2bk3r/1pp2p1p/6pn/3np1q1/1b2P2P/rPP5/2QPKPP1/R1B2BNR b - - 0 21	f7f6	f6	2bk3r/1pp4p/5ppn/3np1q1/1b2P2P/rPP5/2QPKPP1/R1B2BNR w - - 0 22
2bk3r/1pp4p/5ppn/3np1q1/1b2P2P/rPP5/2QPKPP1/R1B2BNR w - - 0 22	c3c4	c4	2bk3r/1pp4p/5ppn/3np1q1/1bP1P2P/rP6/2QPKPP1/R1B2BNR b - - 0 22
2bk3r/1pp4p/5ppn/3np1q1/1bP1P2P/rP6/2QPKPP1/R1B2BNR b - - 0 22	a3b3	Rxb3	2bk3r/1pp4p/5ppn/3np1q1/1bP1P2P/1r6/2QPKPP1/R1B2BNR w - - 0 23
2bk3r/1pp4p/5ppn/3np1q1/1bP1P2P/1r6/2QPKPP1/R1B2BNR w - - 0 23	c2b1	Qb1	2bk3r/1pp4p/5ppn/3np1q1/1bP1P2P/1r6/3PKPP1/RQB2BNR b - - 1 23
2bk3r/1pp4p/5ppn/3np1q1/1bP1P2P/1r6/3PKPP1/RQB2BNR b - - 1 23	b4a5	Ba5	2bk3r/1pp4p/5ppn/b2np1q1/2P1P2P/1r6/3PKPP1/RQB2BNR w - - 2 24
2bk3r/1pp4p/5ppn/b2np1q1/2P1P2P/1r6/3PKPP1/RQB2BNR w - - 2 24	h1h3	Rh3	2bk3r/1pp4p/5ppn/b2np1q1/2P1P2P/1r5R/3PKPP1/RQB2BN1 b - - 3 24
2bk3r/1pp4p/5ppn/b2np1q1/2P1P2P/1r5R/3PKPP1/RQB2BN1 b - - 3 24	c8f5	Bf5	3k3r/1pp4p/5ppn/b2npbq1/2P1P2P/1r5R/3PKPP1/RQB2BN1 w - - 4 25
3k3r/1pp4p/5ppn/b2npbq1/2P1P2P/1r5R/3PKPP1/RQB2BN1 w - - 4 25	g2g3	g3	3k3r/1pp4p/5ppn/b2npbq1/2P1P2P/1r4PR/3PKP2/RQB2BN1 b - - 0 25
3k3r/1pp4p/5ppn/b2npbq1/2P1P2P/1r4PR/3PKP2/RQB2BN1 b - - 0 25	g5g4	Qg4+	3k3r/1pp4p/5ppn/b2npb2/2P1P1qP/1r4PR/3PKP2/RQB2BN1 w - - 1 26
3k3r/1pp4p/5ppn/b2npb2/2P1P1qP/1r4PR/3PKP2/RQB2BN1 w - - 1 26	e2e1	Ke1	3k3r/1pp4p/5ppn/b2npb2/2P1P1qP/1r4PR/3P1P2/RQB1KBN1 b - - 2 26
3k3r/1pp4p/5ppn/b2npb2/2P1P1qP/1r4PR/3P1P2/RQB1KBN1 b - - 2 26	b7b5	b5	3k3r/2p4p/5ppn/bp1npb2/2P1P1qP/1r4PR/3P1P2/RQB1KBN1 w - b6 0 27
3k3r/2p4p/5ppn/bp1npb2/2P1P1qP/1r4PR/3P1P2/RQB1KBN1 w - b6 0 27	f1e2	Be2	3k3r/2p4p/5ppn/bp1npb2/2P1P1qP/1r4PR/3PBP2/RQB1K1N1 b - - 1 27
3k3r/2p4p/5ppn/bp1npb2/2P1P1qP/1r4PR/3PBP2/RQB1K1N1 b - - 1 27	h8e8	Re8	3kr3/2p4p/5ppn/bp1npb2/2P1P1qP/1r4PR/3PBP2/RQB1K1N1 w - - 2 28
3kr3/2p4p/5ppn/bp1npb2/2P1P1qP/1r4PR/3PBP2/RQB1K1N1 w - - 2 28	e2g4	Bxg4	3kr3/2p4p/5ppn/bp1npb2/2P1P1BP/1r4PR/3P1P2/RQB1K1N1 b - - 0 28
3kr3/2p4p/5ppn/bp1npb2/2P1P1BP/1r4PR/3P1P2/RQB1K1N1 b - - 0 28	e8g8	Rg8	3k2r1/2p4p/5ppn/bp1npb2/2P1P1BP/1r4PR/3P1P2/RQB1K1N1 w - - 1 29
3k2r1/2p4p/5ppn/bp1npb2/2P1P1BP/1r4PR/3P1P2/RQB1K1N1 w - - 1 29	g4h5	Bh5	3k2r1/2p4p/5ppn/bp1npb1B/2P1P2P/1r4PR/3P1P2/RQB1K1N1 b - - 2 29
3k2r1/2p4p/5ppn/bp1npb1B/2P1P2P/1r4PR/3P1P2/RQB1K1N1 b - - 2 29	f5e4	Bxe4	3k2r1/2p4p/5ppn/bp1np2B/2P1b2P/1r4PR/3P1P2/RQB1K1N1 w - - 0 30
3k2r1/2p4p/5ppn/bp1np2B/2P1b2P/1r4PR/3P1P2/RQB1K1N1 w - - 0 30	b1b2	Qb2	3k2r1/2p4p/5ppn/bp1np2B/2P1b2P/1r4PR/1Q1P1P2/R1B1K1N1 b - - 1 30
3k2r1/2p4p/5ppn/bp1np2B/2P1b2P/1r4PR/1Q1P1P2/R1B1K1N1 b - - 1 30	b3a3	Ra3	3k2r1/2p4p/5ppn/bp1np2B/2P1b2P/r5PR/1Q1P1P2/R1B1K1N1 w - - 2 31
4k3/P7/8/8/8/8/7p/4K3 w - - 0 1	e1f2	Kf2	4k3/P7/8/8/8/8/5K1p/8 b - - 1 1
4k3/P7/8/8/8/8/7p/4K3 w - - 0 1	e1e2	Ke2	4k3/P7/8/8/8/8/4K2p/8 b - - 1 1
4k3/P7/8/8/8/8/7p/4K3 w - - 0 1	e1d2	Kd2	4k3/P7/8/8/8/8/3K3p/8 b - - 1 1
4k3/P7/8/8/8/8/7p/4K3 w - - 0 1	e1f1	Kf1	4k3/P7/8/8/8/8/7p/5K2 b - - 1 1
4k3/P7/8/8/8/8/7p/4K3 w - - 0 1	e1d1	Kd1	4k3/P7/8/8/8/8/7p/3K4 b - - 1 1
4k3/P7/8/8/8/8/7p/4K3 w - - 0 1	a7a8q	a8=Q+	Q3k3/8/8/8/8/8/7p/4K3 b - - 0 1
4k3/P7/8/8/8/8/7p/4K3 w - - 0 1	a7a8r	a8=R+	R3k3/8/8/8/8/8/7p/4K3 b - - 0 1
4k3/P7/8/8/8/8/7p/4K3 w - - 0 1	a7a8b	a8=B	B3k3/8/8/8/8/8/7p/4K3 b - - 0 1
4k3/P7/8/8/8/8/7p/4K3 w - - 0 1	a7a8n	a8=N	N3k3/8/8/8/8/8/7p/4K3 b - - 0 1
r3k2r/8/8/8/8/8/8/R3K2R w KQkq - 0 1	h1h8	Rxh8+	r3k2R/8/8/8/8/8/8/R3K3 b Qq - 0 1
r3k2r/8/8/8/8/8/8/R3K2R w KQkq - 0 1	h1h7	Rh7	r3k2r/7R/8/8/8/8/8/R3K3 b Qkq - 1 1
r3k2r/8/8/8/8/8/8/R3K2R w KQkq - 0 1	h1h6	Rh6	r3k2r/8/7R/8/8/8/8/R3K3 b Qkq - 1 1
r3k2r/8/8/8/8/8/8/R3K2R w KQkq - 0 1	h1h5	Rh5	r3k2r/8/8/7R/8/8/8/R3K3 b Qkq - 1 1
r3k2r/8/8/8/8/8/8/R3K2R w KQkq - 0 1	h1h4	Rh4	r3k2r/8/8/8/7R/8/8/R3K3 b Qkq - 1 1
r3k2r/8/8/8/8/8/8/R3K2R w KQkq - 0 1	h1h3	Rh3	r3k2r/8/8/8/8/7R/8/R3K3 b Qkq - 1 1
r3k2r/8/8/8/8/8/8/R3K2R w KQkq - 0 1	h1h2	Rh2	r3k2r/8/8/8/8/8/7R/R3K3 b Qkq - 1 1
r3k2r/8/8/8/8/8/8/R3K2R w KQkq - 0 1	h1g1	Rg1	r3k2r/8/8/8/8/8/8/R3K1R1 b Qkq - 1 1
r3k2r/8/8/8/8/8/8/R3K2R w KQkq - 0 1	h1f1	Rf1	r3k2r/8/8/8/8/8/8/R3KR2 b Qkq - 1 1
r3k2r/8/8/8/8/8/8/R3K2R w KQkq - 0 1	e1f2	Kf2	r3k2r/8/8/8/8/8/5K2/R6R b kq - 1 1
r3k2r/8/8/8/8/8/8/R3K2R w KQkq - 0 1	e1e2	Ke2	r3k2r/8/8/8/8/8/4K3/R6R b kq - 1 1
r3k2r/8/8/8/8/8/8/R3K2R w KQkq - 0 1	e1d2	Kd2	r3k2r/8/8/8/8/8/3K4/R6R b kq - 1 1
r3k2r/8/8/8/8/8/8/R3K2R w KQkq - 0 1	e1f1	Kf1	r3k2r/8/8/8/8/8/8/R4K1R b kq - 1 1
r3k2r/8/8/8/8/8/8/R3K2R w KQkq - 0 1	e1d1	Kd1	r3k2r/8/8/8/8/8/8/R2K3R b kq - 1 1
r3k2r/8/8/8/8/8/8/R3K2R w KQkq - 0 1	a1a8	Rxa8+	R3k2r/8/8/8/8/8/8/4K2R b Kk - 0 1
r3k2r/8/8/8/8/8/8/R3K2R w KQkq - 0 1	a1a7	Ra7	r3k2r/R7/8/8/8/8/8/4K2R b Kkq - 1 1
r3k2r/8/8/8/8/8/8/R3K2R w KQkq - 0 1	a1a6	Ra6	r3k2r/8/R7/8/8/8/8/4K2R b Kkq - 1 1
r3k2r/8/8/8/8/8/8/R3K2R w KQkq - 0 1	a1a5	Ra5	r3k2r/8/8/R7/8/8/8/4K2R b Kkq - 1 1
r3k2r/8/8/8/8/8/8/R3K2R w KQkq - 0 1	a1a4	Ra4	r3k2r/8/8/8/R7/8/8/4K2R b Kkq - 1 1
r3k2r/8/8/8/8/8/8/R3K2R w KQkq - 0 1	a1a3	Ra3	r3k2r/8/8/8/8/R7/8/4K2R b Kkq - 1 1
r3k2r/8/8/8/8/8/8/R3K2R w KQkq - 0 1	a1a2	Ra2	r3k2r/8/8/8/8/8/R7/4K2R b Kkq - 1 1
r3k2r/8/8/8/8/8/8/R3K2R w KQkq - 0 1	a1d1	Rd1	r3k2r/8/8/8/8/8/8/3RK2R b Kkq - 1 1
r3k2r/8/8/8/8/8/8/R3K2R w KQkq - 0 1	a1c1	Rc1	r3k2r/8/8/8/8/8/8/2R1K2R b Kkq - 1 1
r3k2r/8/8/8/8/8/8/R3K2R w KQkq - 0 1	a1b1	Rb1	r3k2r/8/8/8/8/8/8/1R2K2R b Kkq - 1 1
r3k2r/8/8/8/8/8/8/R3K2R w KQkq - 0 1	e1g1	O-O	r3k2r/8/8/8/8/8/8/R4RK1 b kq - 1 1
r3k2r/8/8/8/8/8/8/R3K2R w KQkq - 0 1	e1c1	O-O-O	r3k2r/8/8/8/8/8/8/2KR3R b kq - 1 1
4k3/8/8/3pP3/8/8/8/4K3 w - d6 0 1	e1f2	Kf2	4k3/8/8/3pP3/8/8/5K2/8 b - - 1 1
4k3/8/8/3pP3/8/8/8/4K3 w - d6 0 1	e1e2	Ke2	4k3/8/8/3pP3/8/8/4K3/8 b - - 1 1
4k3/8/8/3pP3/8/8/8/4K3 w - d6 0 1	e1d2	Kd2	4k3/8/8/3pP3/8/8/3K4/8 b - - 1 1
4k3/8/8/3pP3/8/8/8/4K3 w - d6 0 1	e1f1	Kf1	4k3/8/8/3pP3/8/8/8/5K2 b - - 1 1
4k3/8/8/3pP3/8/8/8/4K3 w - d6 0 1	e1d1	Kd1	4k3/8/8/3pP3/8/8/8/3K4 b - - 1 1
4k3/8/8/3pP3/8/8/8/4K3 w - d6 0 1	e5e6	e6	4k3/8/4P3/3p4/8/8/8/4K3 b - - 0 1
4k3/8/8/3pP3/8/8/8/4K3 w - d6 0 1	e5d6	exd6	4k3/8/3P4/8/8/8/8/4K3 b - - 0 1
4k3/8/8/1N6/8/1N3N2/8/4K3 w - - 0 1	b5c7	Nc7+	4k3/2N5/8/8/8/1N3N2/8/4K3 b - - 1 1
4k3/8/8/1N6/8/1N3N2/8/4K3 w - - 0 1	b5a7	Na7	4k3/N7/8/8/8/1N3N2/8/4K3 b - - 1 1
4k3/8/8/1N6/8/1N3N2/8/4K3 w - - 0 1	b5d6	Nd6+	4k3/8/3N4/8/8/1N3N2/8/4K3 b - - 1 1
4k3/8/8/1N6/8/1N3N2/8/4K3 w - - 0 1	b5d4	N5d4	4k3/8/8/8/3N4/1N3N2/8/4K3 b - - 1 1
4k3/8/8/1N6/8/1N3N2/8/4K3 w - - 0 1	b5c3	Nc3	4k3/8/8/8/8/1NN2N2/8/4K3 b - - 1 1
4k3/8/8/1N6/8/1N3N2/8/4K3 w - - 0 1	b5a3	Na3	4k3/8/8/8/8/NN3N2/8/4K3 b - - 1 1
4k3/8/8/1N6/8/1N3N2/8/4K3 w - - 0 1	f3g5	Ng5	4k3/8/8/1N4N1/8/1N6/8/4K3 b - - 1 1
4k3/8/8/1N6/8/1N3N2/8/4K3 w - - 0 1	f3e5	Ne5	4k3/8/8/1N2N3/8/1N6/8/4K3 b - - 1 1
4k3/8/8/1N6/8/1N3N2/8/4K3 w - - 0 1	f3h4	Nh4	4k3/8/8/1N6/7N/1N6/8/4K3 b - - 1 1
4k3/8/8/1N6/8/1N3N2/8/4K3 w - - 0 1	f3d4	Nfd4	4k3/8/8/1N6/3N4/1N6/8/4K3 b - - 1 1
4k3/8/8/1N6/8/1N3N2/8/4K3 w - - 0 1	f3h2	Nh2	4k3/8/8/1N6/8/1N6/7N/4K3 b - - 1 1
4k3/8/8/1N6/8/1N3N2/8/4K3 w - - 0 1	f3d2	Nfd2	4k3/8/8/1N6/8/1N6/3N4/4K3 b - - 1 1
4k3/8/8/1N6/8/1N3N2/8/4K3 w - - 0 1	f3g1	Ng1	4k3/8/8/1N6/8/1N6/8/4K1N1 b - - 1 1
4k3/8/8/1N6/8/1N3N2/8/4K3 w - - 0 1	b3c5	Nc5	4k3/8/8/1NN5/8/5N2/8/4K3 b - - 1 1
4k3/8/8/1N6/8/1N3N2/8/4K3 w - - 0 1	b3a5	Na5	4k3/8/8/NN6/8/5N2/8/4K3 b - - 1 1
4k3/8/8/1N6/8/1N3N2/8/4K3 w - - 0 1	b3d4	Nb3d4	4k3/8/8/1N6/3N4/5N2/8/4K3 b - - 1 1
4k3/8/8/1N6/8/1N3N2/8/4K3 w - - 0 1	b3d2	Nbd2	4k3/8/8/1N6/8/5N2/3N4/4K3 b - - 1 1
4k3/8/8/1N6/8/1N3N2/8/4K3 w - - 0 1	b3c1	Nc1	4k3/8/8/1N6/8/5N2/8/2N1K3 b - - 1 1
4k3/8/8/1N6/8/1N3N2/8/4K3 w - - 0 1	b3a1	Na1	4k3/8/8/1N6/8/5N2/8/N3K3 b - - 1 1
4k3/8/8/1N6/8/1N3N2/8/4K3 w - - 0 1	e1f2	Kf2	4k3/8/8/1N6/8/1N3N2/5K2/8 b - - 1 1
4k3/8/8/1N6/8/1N3N2/8/4K3 w - - 0 1	e1e2	Ke2	4k3/8/8/1N6/8/1N3N2/4K3/8 b - - 1 1
4k3/8/8/1N6/8/1N3N2/8/4K3 w - - 0 1	e1d2	Kd2	4k3/8/8/1N6/8/1N3N2/3K4/8 b - - 1 1
4k3/8/8/1N6/8/1N3N2/8/4K3 w - - 0 1	e1f1	Kf1	4k3/8/8/1N6/8/1N3N2/8/5K2 b - - 1 1
4k3/8/8/1N6/8/1N3N2/8/4K3 w - - 0 1	e1d1	Kd1	4k3/8/8/1N6/8/1N3N2/8/3K4 b - - 1 1
4k3/8/8/8/8/8/R7/R3K2R w - - 0 1	a2a8	Ra8+	R3k3/8/8/8/8/8/8/R3K2R b - - 1 1
4k3/8/8/8/8/8/R7/R3K2R w - - 0 1	a2a7	Ra7	4k3/R7/8/8/8/8/8/R3K2R b - - 1 1
4k3/8/8/8/8/8/R7/R3K2R w - - 0 1	a2a6	Ra6	4k3/8/R7/8/8/8/8/R3K2R b - - 1 1
4k3/8/8/8/8/8/R7/R3K2R w - - 0 1	a2a5	Ra5	4k3/8/8/R7/8/8/8/R3K2R b - - 1 1
4k3/8/8/8/8/8/R7/R3K2R w - - 0 1	a2a4	Ra4	4k3/8/8/8/R7/8/8/R3K2R b - - 1 1
4k3/8/8/8/8/8/R7/R3K2R w - - 0 1	a2a3	Ra3	4k3/8/8/8/8/R7/8/R3K2R b - - 1 1
4k3/8/8/8/8/8/R7/R3K2R w - - 0 1	a2h2	Rah2	4k3/8/8/8/8/8/7R/R3K2R b - - 1 1
4k3/8/8/8/8/8/R7/R3K2R w - - 0 1	a2g2	Rg2	4k3/8/8/8/8/8/6R1/R3K2R b - - 1 1
4k3/8/8/8/8/8/R7/R3K2R w - - 0 1	a2f2	Rf2	4k3/8/8/8/8/8/5R2/R3K2R b - - 1 1
4k3/8/8/8/8/8/R7/R3K2R w - - 0 1	a2e2	Re2+	4k3/8/8/8/8/8/4R3/R3K2R b - - 1 1
4k3/8/8/8/8/8/R7/R3K2R w - - 0 1	a2d2	Rd2	4k3/8/8/8/8/8/3R4/R3K2R b - - 1 1
4k3/8/8/8/8/8/R7/R3K2R w - - 0 1	a2c2	Rc2	4k3/8/8/8/8/8/2R5/R3K2R b - - 1 1
4k3/8/8/8/8/8/R7/R3K2R w - - 0 1	a2b2	Rb2	4k3/8/8/8/8/8/1R6/R3K2R b - - 1 1
4k3/8/8/8/8/8/R7/R3K2R w - - 0 1	h1h8	Rh8+	4k2R/8/8/8/8/8/R7/R3K3 b - - 1 1
4k3/8/8/8/8/8/R7/R3K2R w - - 0 1	h1h7	Rh7	4k3/7R/8/8/8/8/R7/R3K3 b - - 1 1
4k3/8/8/8/8/8/R7/R3K2R w - - 0 1	h1h6	Rh6	4k3/8/7R/8/8/8/R7/R3K3 b - - 1 1
4k3/8/8/8/8/8/R7/R3K2R w - - 0 1	h1h5	Rh5	4k3/8/8/7R/8/8/R7/R3K3 b - - 1 1
4k3/8/8/8/8/8/R7/R3K2R w - - 0 1	h1h4	Rh4	4k3/8/8/8/7R/8/R7/R3K3 b - - 1 1
4k3/8/8/8/8/8/R7/R3K2R w - - 0 1	h1h3	Rh3	4k3/8/8/8/8/7R/R7/R3K3 b - - 1 1
4k3/8/8/8/8/8/R7/R3K2R w - - 0 1	h1h2	Rhh2	4k3/8/8/8/8/8/R6R/R3K3 b - - 1 1
4k3/8/8/8/8/8/R7/R3K2R w - - 0 1	h1g1	Rg1	4k3/8/8/8/8/8/R7/R3K1R1 b - - 1 1
4k3/8/8/8/8/8/R7/R3K2R w - - 0 1	h1f1	Rf1	4k3/8/8/8/8/8/R7/R3KR2 b - - 1 1
4k3/8/8/8/8/8/R7/R3K2R w - - 0 1	e1f2	Kf2	4k3/8/8/8/8/8/R4K2/R6R b - - 1 1
4k3/8/8/8/8/8/R7/R3K2R w - - 0 1	e1e2	Ke2	4k3/8/8/8/8/8/R3K3/R6R b - - 1 1
4k3/8/8/8/8/8/R7/R3K2R w - - 0 1	e1d2	Kd2	4k3/8/8/8/8/8/R2K4/R6R b - - 1 1
4k3/8/8/8/8/8/R7/R3K2R w - - 0 1	e1f1	Kf1	4k3/8/8/8/8/8/R7/R4K1R b - - 1 1
4k3/8/8/8/8/8/R7/R3K2R w - - 0 1	e1d1	Kd1	4k3/8/8/8/8/8/R7/R2K3R b - - 1 1
4k3/8/8/8/8/8/R7/R3K2R w - - 0 1	a1d1	Rd1	4k3/8/8/8/8/8/R7/3RK2R b - - 1 1
4k3/8/8/8/8/8/R7/R3K2R w - - 0 1	a1c1	Rc1	4k3/8/8/8/8/8/R7/2R1K2R b - - 1 1
4k3/8/8/8/8/8/R7/R3K2R w - - 0 1	a1b1	Rb1	4k3/8/8/8/8/8/R7/1R2K2R b - - 1 1
7k/5Q2/6K1/8/8/8/8/8 w - - 0 1	f7g8	Qg8+	6Qk/8/6K1/8/8/8/8/8 b - - 1 1
7k/5Q2/6K1/8/8/8/8/8 w - - 0 1	f7f8	Qf8#	5Q1k/8/6K1/8/8/8/8/8 b - - 1 1
7k/5Q2/6K1/8/8/8/8/8 w - - 0 1	f7e8	Qe8#	4Q2k/8/6K1/8/8/8/8/8 b - - 1 1
7k/5Q2/6K1/8/8/8/8/8 w - - 0 1	f7h7	Qh7#	7k/7Q/6K1/8/8/8/8/8 b - - 1 1
7k/5Q2/6K1/8/8/8/8/8 w - - 0 1	f7g7	Qg7#	7k/6Q1/6K1/8/8/8/8/8 b - - 1 1
7k/5Q2/6K1/8/8/8/8/8 w - - 0 1	f7e7	Qe7	7k/4Q3/6K1/8/8/8/8/8 b - - 1 1
7k/5Q2/6K1/8/8/8/8/8 w - - 0 1	f7d7	Qd7	7k/3Q4/6K1/8/8/8/8/8 b - - 1 1
7k/5Q2/6K1/8/8/8/8/8 w - - 0 1	f7c7	Qc7	7k/2Q5/6K1/8/8/8/8/8 b - - 1 1
7k/5Q2/6K1/8/8/8/8/8 w - - 0 1	f7b7	Qb7	7k/1Q6/6K1/8/8/8/8/8 b - - 1 1
7k/5Q2/6K1/8/8/8/8/8 w - - 0 1	f7a7	Qa7	7k/Q7/6K1/8/8/8/8/8 b - - 1 1
7k/5Q2/6K1/8/8/8/8/8 w - - 0 1	f7f6	Qf6+	7k/8/5QK1/8/8/8/8/8 b - - 1 1
7k/5Q2/6K1/8/8/8/8/8 w - - 0 1	f7e6	Qe6	7k/8/4Q1K1/8/8/8/8/8 b - - 1 1
7k/5Q2/6K1/8/8/8/8/8 w - - 0 1	f7f5	Qf5	7k/8/6K1/5Q2/8/8/8/8 b - - 1 1
7k/5Q2/6K1/8/8/8/8/8 w - - 0 1	f7d5	Qd5	7k/8/6K1/3Q4/8/8/8/8 b - - 1 1
7k/5Q2/6K1/8/8/8/8/8 w - - 0 1	f7f4	Qf4	7k/8/6K1/8/5Q2/8/8/8 b - - 1 1
7k/5Q2/6K1/8/8/8/8/8 w - - 0 1	f7c4	Qc4	7k/8/6K1/8/2Q5/8/8/8 b - - 1 1
7k/5Q2/6K1/8/8/8/8/8 w - - 0 1	f7f3	Qf3	7k/8/6K1/8/8/5Q2/8/8 b - - 1 1
7k/5Q2/6K1/8/8/8/8/8 w - - 0 1	f7b3	Qb3	7k/8/6K1/8/8/1Q6/8/8 b - - 1 1
7k/5Q2/6K1/8/8/8/8/8 w - - 0 1	f7f2	Qf2	7k/8/6K1/8/8/8/5Q2/8 b - - 1 1
7k/5Q2/6K1/8/8/8/8/8 w - - 0 1	f7a2	Qa2	7k/8/6K1/8/8/8/Q7/8 b - - 1 1
7k/5Q2/6K1/8/8/8/8/8 w - - 0 1	f7f1	Qf1	7k/8/6K1/8/8/8/8/5Q2 b - - 1 1
7k/5Q2/6K1/8/8/8/8/8 w - - 0 1	g6h6	Kh6	7k/5Q2/7K/8/8/8/8/8 b - - 1 1
7k/5Q2/6K1/8/8/8/8/8 w - - 0 1	g6f6	Kf6	7k/5Q2/5K2/8/8/8/8/8 b - - 1 1
7k/5Q2/6K1/8/8/8/8/8 w - - 0 1	g6h5	Kh5	7k/5Q2/8/7K/8/8/8/8 b - - 1 1
7k/5Q2/6K1/8/8/8/8/8 w - - 0 1	g6g5	Kg5	7k/5Q2/8/6K1/8/8/8/8 b - - 1 1
7k/5Q2/6K1/8/8/8/8/8 w - - 0 1	g6f5	Kf5	7k/5Q2/8/5K2/8/8/8/8 b - - 1 1
